[debug] [2026-09-18T02:04:01.358Z] [Firebase Plugin] Activating Firebase extension.
[debug] [2026-09-18T02:04:04.274Z] [Firebase Plugin] requireAuthWrapper
[debug] [2026-09-18T02:04:04.287Z] > command requires scopes: ["email","openid","https://www.googleapis.com/auth/cloudplatformprojects.readonly","https://www.googleapis.com/auth/firebase","https://www.googleapis.com/auth/cloud-platform"]
[debug] [2026-09-18T02:04:04.288Z] > authorizing via signed-in user (austin.akkh.ag@gmail.com)
[debug] [2026-09-18T02:04:04.294Z] Checked if tokens are valid: true, expires at: 1789700537401
[debug] [2026-09-18T02:04:04.295Z] Checked if tokens are valid: true, expires at: 1789700537401
[debug] [2026-09-18T02:04:04.295Z] [Firebase Plugin] User found:  austin.akkh.ag@gmail.com
[info] [Firebase Plugin] (Core:Project) New user detected, fetching projects
[debug] [2026-09-18T02:04:04.298Z] Checked if tokens are valid: true, expires at: 1789700537401
[debug] [2026-09-18T02:04:04.301Z] >>> [apiv2][query] GET https://firebase.googleapis.com/v1beta1/projects pageSize=1000
[debug] [2026-09-18T02:04:04.338Z] [Firebase Plugin] VSCode notification server listening on port 40001
[info] [Firebase Plugin] Starting SQL Connect toolkit (version 3.4.16) on port 50001
[info] i  dataconnect: downloading dataconnect-emulator-3.4.16.exe... {"metadata":{"emulator":{"name":"dataconnect"},"message":"downloading dataconnect-emulator-3.4.16.exe..."}}
[debug] [2026-09-18T02:04:04.810Z] >>> [apiv2][query] GET https://storage.googleapis.com/firemat-preview-drop/emulator/dataconnect-emulator-windows-amd64-v3.4.16 
[debug] [2026-09-18T02:04:05.435Z] <<< [apiv2][status] GET https://storage.googleapis.com/firemat-preview-drop/emulator/dataconnect-emulator-windows-amd64-v3.4.16 200
[debug] [2026-09-18T02:04:05.436Z] <<< [apiv2][body] GET https://storage.googleapis.com/firemat-preview-drop/emulator/dataconnect-emulator-windows-amd64-v3.4.16 [stream]
[debug] [2026-09-18T02:04:05.748Z] <<< [apiv2][status] GET https://firebase.googleapis.com/v1beta1/projects 200
[debug] [2026-09-18T02:04:05.749Z] <<< [apiv2][body] GET https://firebase.googleapis.com/v1beta1/projects [omitted]
[debug] [2026-09-18T02:04:15.611Z] 'fdc build' failed with error: Unable to build your SQL Connect schema and connectors (exit code 1): E0918 08:34:15.603249    2324 cmd.go:43] Error loading data connect config: could not find dataconnect.yaml in `c:\Users\EMP_26018\Desktop\Pj-files\aungkokohein\JLPT\dataconnect`
 {"metadata":{"emulator":{"name":"dataconnect"},"message":"'fdc build' failed with error: Unable to build your SQL Connect schema and connectors (exit code 1): E0918 08:34:15.603249    2324 cmd.go:43] Error loading data connect config: could not find dataconnect.yaml in `c:\\Users\\EMP_26018\\Desktop\\Pj-files\\aungkokohein\\JLPT\\dataconnect`\n"}}
[debug] [2026-09-18T02:04:15.613Z] Ignoring unsupported arg: auto_download {"metadata":{"emulator":{"name":"dataconnect"},"message":"Ignoring unsupported arg: auto_download"}}
[debug] [2026-09-18T02:04:15.613Z] Ignoring unsupported arg: port {"metadata":{"emulator":{"name":"dataconnect"},"message":"Ignoring unsupported arg: port"}}
[debug] [2026-09-18T02:04:15.613Z] Starting SQL Connect Emulator with command {"binary":"C:\\Users\\EMP_26018\\.cache\\firebase\\emulators\\dataconnect-emulator-3.4.16.exe","args":["--logtostderr","-v=2","dev","--listen=localhost:50001","--config_dir=c:\\Users\\EMP_26018\\Desktop\\Pj-files\\aungkokohein\\JLPT\\dataconnect","--enable_output_schema_extensions=true","--enable_output_generated_sdk=true"],"optionalArgs":["listen","config_dir","enable_output_schema_extensions","enable_output_generated_sdk"],"joinArgs":true,"shell":false,"port":9399} {"metadata":{"emulator":{"name":"dataconnect"},"message":"Starting SQL Connect Emulator with command {\"binary\":\"C:\\\\Users\\\\EMP_26018\\\\.cache\\\\firebase\\\\emulators\\\\dataconnect-emulator-3.4.16.exe\",\"args\":[\"--logtostderr\",\"-v=2\",\"dev\",\"--listen=localhost:50001\",\"--config_dir=c:\\\\Users\\\\EMP_26018\\\\Desktop\\\\Pj-files\\\\aungkokohein\\\\JLPT\\\\dataconnect\",\"--enable_output_schema_extensions=true\",\"--enable_output_generated_sdk=true\"],\"optionalArgs\":[\"listen\",\"config_dir\",\"enable_output_schema_extensions\",\"enable_output_generated_sdk\"],\"joinArgs\":true,\"shell\":false,\"port\":9399}"}}
[info] i  dataconnect: SQL Connect Emulator logging to dataconnect-debug.log {"metadata":{"emulator":{"name":"dataconnect"},"message":"SQL Connect Emulator logging to \u001b[1mdataconnect-debug.log\u001b[22m"}}
[debug] [2026-09-18T02:04:15.661Z] E0918 08:34:15.658415   19120 dev.go:80] Failed to load initial config from "c:\\Users\\EMP_26018\\Desktop\\Pj-files\\aungkokohein\\JLPT\\dataconnect": could not find dataconnect.yaml in `c:\Users\EMP_26018\Desktop\Pj-files\aungkokohein\JLPT\dataconnect`
 {"metadata":{"emulator":{"name":"dataconnect"},"message":"E0918 08:34:15.658415   19120 dev.go:80] Failed to load initial config from \"c:\\\\Users\\\\EMP_26018\\\\Desktop\\\\Pj-files\\\\aungkokohein\\\\JLPT\\\\dataconnect\": could not find dataconnect.yaml in `c:\\Users\\EMP_26018\\Desktop\\Pj-files\\aungkokohein\\JLPT\\dataconnect`\n"}}
[debug] [2026-09-18T02:04:15.662Z] E0918 08:34:15.659748   19120 watch.go:116] watchAllDir unable to walk dir `c:\Users\EMP_26018\Desktop\Pj-files\aungkokohein\JLPT\dataconnect`: GetFileAttributesEx c:\Users\EMP_26018\Desktop\Pj-files\aungkokohein\JLPT\dataconnect: The system cannot find the file specified.
 {"metadata":{"emulator":{"name":"dataconnect"},"message":"E0918 08:34:15.659748   19120 watch.go:116] watchAllDir unable to walk dir `c:\\Users\\EMP_26018\\Desktop\\Pj-files\\aungkokohein\\JLPT\\dataconnect`: GetFileAttributesEx c:\\Users\\EMP_26018\\Desktop\\Pj-files\\aungkokohein\\JLPT\\dataconnect: The system cannot find the file specified.\n"}}
[debug] [2026-09-18T02:04:15.677Z] I0918 08:34:15.675510   19120 dev.go:101] Listening on address (HTTP + gRPC): 127.0.0.1:50001
 {"metadata":{"emulator":{"name":"dataconnect"},"message":"I0918 08:34:15.675510   19120 dev.go:101] Listening on address (HTTP + gRPC): 127.0.0.1:50001\n"}}
[error] [Firebase Plugin] error:  {}
[debug] [2026-09-18T02:04:25.662Z] E0918 08:34:25.659136   19120 watch.go:40] Failed to load config from "c:\\Users\\EMP_26018\\Desktop\\Pj-files\\aungkokohein\\JLPT\\dataconnect": could not find dataconnect.yaml in `c:\Users\EMP_26018\Desktop\Pj-files\aungkokohein\JLPT\dataconnect`
 {"metadata":{"emulator":{"name":"dataconnect"},"message":"E0918 08:34:25.659136   19120 watch.go:40] Failed to load config from \"c:\\\\Users\\\\EMP_26018\\\\Desktop\\\\Pj-files\\\\aungkokohein\\\\JLPT\\\\dataconnect\": could not find dataconnect.yaml in `c:\\Users\\EMP_26018\\Desktop\\Pj-files\\aungkokohein\\JLPT\\dataconnect`\n"}}
[debug] [2026-09-18T02:04:35.663Z] E0918 08:34:35.658055   19120 watch.go:40] Failed to load config from "c:\\Users\\EMP_26018\\Desktop\\Pj-files\\aungkokohein\\JLPT\\dataconnect": could not find dataconnect.yaml in `c:\Users\EMP_26018\Desktop\Pj-files\aungkokohein\JLPT\dataconnect`
 {"metadata":{"emulator":{"name":"dataconnect"},"message":"E0918 08:34:35.658055   19120 watch.go:40] Failed to load config from \"c:\\\\Users\\\\EMP_26018\\\\Desktop\\\\Pj-files\\\\aungkokohein\\\\JLPT\\\\dataconnect\": could not find dataconnect.yaml in `c:\\Users\\EMP_26018\\Desktop\\Pj-files\\aungkokohein\\JLPT\\dataconnect`\n"}}
[debug] [2026-09-18T02:04:36.041Z] [Firebase Plugin] Value of process.env.MONOSPACE_ENV: undefined
[debug] [2026-09-18T02:04:36.042Z] [Firebase Plugin] requireAuthWrapper
[debug] [2026-09-18T02:04:36.045Z] > command requires scopes: ["email","openid","https://www.googleapis.com/auth/cloudplatformprojects.readonly","https://www.googleapis.com/auth/firebase","https://www.googleapis.com/auth/cloud-platform"]
[debug] [2026-09-18T02:04:36.045Z] > authorizing via signed-in user (austin.akkh.ag@gmail.com)
[debug] [2026-09-18T02:04:36.047Z] Checked if tokens are valid: true, expires at: 1789700537401
[debug] [2026-09-18T02:04:36.048Z] [Firebase Plugin] User found:  austin.akkh.ag@gmail.com
[info] [Firebase Plugin] (Core:Project) New user detected, fetching projects
[debug] [2026-09-18T02:04:36.050Z] Checked if tokens are valid: true, expires at: 1789700537401
[debug] [2026-09-18T02:04:36.244Z] >>> [apiv2][query] GET https://firebase.googleapis.com/v1beta1/projects pageSize=1000
[debug] [2026-09-18T02:04:36.276Z] [Firebase Plugin] Value of process.env.MONOSPACE_ENV: undefined
[debug] [2026-09-18T02:04:36.277Z] [Firebase Plugin] requireAuthWrapper
[debug] [2026-09-18T02:04:36.278Z] > command requires scopes: ["email","openid","https://www.googleapis.com/auth/cloudplatformprojects.readonly","https://www.googleapis.com/auth/firebase","https://www.googleapis.com/auth/cloud-platform"]
[debug] [2026-09-18T02:04:36.279Z] > authorizing via signed-in user (austin.akkh.ag@gmail.com)
[debug] [2026-09-18T02:04:36.279Z] Checked if tokens are valid: true, expires at: 1789700537401
[debug] [2026-09-18T02:04:36.280Z] [Firebase Plugin] User found:  austin.akkh.ag@gmail.com
[info] [Firebase Plugin] (Core:Project) New user detected, fetching projects
[debug] [2026-09-18T02:04:36.281Z] Checked if tokens are valid: true, expires at: 1789700537401
[debug] [2026-09-18T02:04:36.282Z] >>> [apiv2][query] GET https://firebase.googleapis.com/v1beta1/projects pageSize=1000
[debug] [2026-09-18T02:04:42.179Z] <<< [apiv2][status] GET https://firebase.googleapis.com/v1beta1/projects 200
[debug] [2026-09-18T02:04:42.180Z] <<< [apiv2][body] GET https://firebase.googleapis.com/v1beta1/projects [omitted]
[debug] [2026-09-18T02:04:42.332Z] <<< [apiv2][status] GET https://firebase.googleapis.com/v1beta1/projects 200
[debug] [2026-09-18T02:04:42.332Z] <<< [apiv2][body] GET https://firebase.googleapis.com/v1beta1/projects [omitted]
[debug] [2026-09-18T02:04:45.657Z] E0918 08:34:45.656229   19120 watch.go:40] Failed to load config from "c:\\Users\\EMP_26018\\Desktop\\Pj-files\\aungkokohein\\JLPT\\dataconnect": could not find dataconnect.yaml in `c:\Users\EMP_26018\Desktop\Pj-files\aungkokohein\JLPT\dataconnect`
 {"metadata":{"emulator":{"name":"dataconnect"},"message":"E0918 08:34:45.656229   19120 watch.go:40] Failed to load config from \"c:\\\\Users\\\\EMP_26018\\\\Desktop\\\\Pj-files\\\\aungkokohein\\\\JLPT\\\\dataconnect\": could not find dataconnect.yaml in `c:\\Users\\EMP_26018\\Desktop\\Pj-files\\aungkokohein\\JLPT\\dataconnect`\n"}}
[debug] [2026-09-18T02:04:55.657Z] E0918 08:34:55.654843   19120 watch.go:40] Failed to load config from "c:\\Users\\EMP_26018\\Desktop\\Pj-files\\aungkokohein\\JLPT\\dataconnect": could not find dataconnect.yaml in `c:\Users\EMP_26018\Desktop\Pj-files\aungkokohein\JLPT\dataconnect`
 {"metadata":{"emulator":{"name":"dataconnect"},"message":"E0918 08:34:55.654843   19120 watch.go:40] Failed to load config from \"c:\\\\Users\\\\EMP_26018\\\\Desktop\\\\Pj-files\\\\aungkokohein\\\\JLPT\\\\dataconnect\": could not find dataconnect.yaml in `c:\\Users\\EMP_26018\\Desktop\\Pj-files\\aungkokohein\\JLPT\\dataconnect`\n"}}
[debug] [2026-09-18T02:05:05.657Z] E0918 08:35:05.653496   19120 watch.go:40] Failed to load config from "c:\\Users\\EMP_26018\\Desktop\\Pj-files\\aungkokohein\\JLPT\\dataconnect": could not find dataconnect.yaml in `c:\Users\EMP_26018\Desktop\Pj-files\aungkokohein\JLPT\dataconnect`
 {"metadata":{"emulator":{"name":"dataconnect"},"message":"E0918 08:35:05.653496   19120 watch.go:40] Failed to load config from \"c:\\\\Users\\\\EMP_26018\\\\Desktop\\\\Pj-files\\\\aungkokohein\\\\JLPT\\\\dataconnect\": could not find dataconnect.yaml in `c:\\Users\\EMP_26018\\Desktop\\Pj-files\\aungkokohein\\JLPT\\dataconnect`\n"}}
[debug] [2026-09-18T02:05:15.657Z] E0918 08:35:15.651894   19120 watch.go:116] watchAllDir unable to walk dir `c:\Users\EMP_26018\Desktop\Pj-files\aungkokohein\JLPT\dataconnect`: GetFileAttributesEx c:\Users\EMP_26018\Desktop\Pj-files\aungkokohein\JLPT\dataconnect: The system cannot find the file specified.
 {"metadata":{"emulator":{"name":"dataconnect"},"message":"E0918 08:35:15.651894   19120 watch.go:116] watchAllDir unable to walk dir `c:\\Users\\EMP_26018\\Desktop\\Pj-files\\aungkokohein\\JLPT\\dataconnect`: GetFileAttributesEx c:\\Users\\EMP_26018\\Desktop\\Pj-files\\aungkokohein\\JLPT\\dataconnect: The system cannot find the file specified.\n"}}
[debug] [2026-09-18T02:05:15.659Z] E0918 08:35:15.651894   19120 watch.go:40] Failed to load config from "c:\\Users\\EMP_26018\\Desktop\\Pj-files\\aungkokohein\\JLPT\\dataconnect": could not find dataconnect.yaml in `c:\Users\EMP_26018\Desktop\Pj-files\aungkokohein\JLPT\dataconnect`
 {"metadata":{"emulator":{"name":"dataconnect"},"message":"E0918 08:35:15.651894   19120 watch.go:40] Failed to load config from \"c:\\\\Users\\\\EMP_26018\\\\Desktop\\\\Pj-files\\\\aungkokohein\\\\JLPT\\\\dataconnect\": could not find dataconnect.yaml in `c:\\Users\\EMP_26018\\Desktop\\Pj-files\\aungkokohein\\JLPT\\dataconnect`\n"}}
[debug] [2026-09-18T02:05:25.657Z] E0918 08:35:25.650268   19120 watch.go:40] Failed to load config from "c:\\Users\\EMP_26018\\Desktop\\Pj-files\\aungkokohein\\JLPT\\dataconnect": could not find dataconnect.yaml in `c:\Users\EMP_26018\Desktop\Pj-files\aungkokohein\JLPT\dataconnect`
 {"metadata":{"emulator":{"name":"dataconnect"},"message":"E0918 08:35:25.650268   19120 watch.go:40] Failed to load config from \"c:\\\\Users\\\\EMP_26018\\\\Desktop\\\\Pj-files\\\\aungkokohein\\\\JLPT\\\\dataconnect\": could not find dataconnect.yaml in `c:\\Users\\EMP_26018\\Desktop\\Pj-files\\aungkokohein\\JLPT\\dataconnect`\n"}}
[debug] [2026-09-18T02:05:35.657Z] E0918 08:35:35.648960   19120 watch.go:40] Failed to load config from "c:\\Users\\EMP_26018\\Desktop\\Pj-files\\aungkokohein\\JLPT\\dataconnect": could not find dataconnect.yaml in `c:\Users\EMP_26018\Desktop\Pj-files\aungkokohein\JLPT\dataconnect`
 {"metadata":{"emulator":{"name":"dataconnect"},"message":"E0918 08:35:35.648960   19120 watch.go:40] Failed to load config from \"c:\\\\Users\\\\EMP_26018\\\\Desktop\\\\Pj-files\\\\aungkokohein\\\\JLPT\\\\dataconnect\": could not find dataconnect.yaml in `c:\\Users\\EMP_26018\\Desktop\\Pj-files\\aungkokohein\\JLPT\\dataconnect`\n"}}
[debug] [2026-09-18T02:05:45.650Z] E0918 08:35:45.649313   19120 watch.go:40] Failed to load config from "c:\\Users\\EMP_26018\\Desktop\\Pj-files\\aungkokohein\\JLPT\\dataconnect": could not find dataconnect.yaml in `c:\Users\EMP_26018\Desktop\Pj-files\aungkokohein\JLPT\dataconnect`
 {"metadata":{"emulator":{"name":"dataconnect"},"message":"E0918 08:35:45.649313   19120 watch.go:40] Failed to load config from \"c:\\\\Users\\\\EMP_26018\\\\Desktop\\\\Pj-files\\\\aungkokohein\\\\JLPT\\\\dataconnect\": could not find dataconnect.yaml in `c:\\Users\\EMP_26018\\Desktop\\Pj-files\\aungkokohein\\JLPT\\dataconnect`\n"}}
[debug] [2026-09-18T02:05:55.648Z] E0918 08:35:55.645811   19120 watch.go:40] Failed to load config from "c:\\Users\\EMP_26018\\Desktop\\Pj-files\\aungkokohein\\JLPT\\dataconnect": could not find dataconnect.yaml in `c:\Users\EMP_26018\Desktop\Pj-files\aungkokohein\JLPT\dataconnect`
 {"metadata":{"emulator":{"name":"dataconnect"},"message":"E0918 08:35:55.645811   19120 watch.go:40] Failed to load config from \"c:\\\\Users\\\\EMP_26018\\\\Desktop\\\\Pj-files\\\\aungkokohein\\\\JLPT\\\\dataconnect\": could not find dataconnect.yaml in `c:\\Users\\EMP_26018\\Desktop\\Pj-files\\aungkokohein\\JLPT\\dataconnect`\n"}}
[debug] [2026-09-18T02:06:05.662Z] E0918 08:36:05.658031   19120 watch.go:40] Failed to load config from "c:\\Users\\EMP_26018\\Desktop\\Pj-files\\aungkokohein\\JLPT\\dataconnect": could not find dataconnect.yaml in `c:\Users\EMP_26018\Desktop\Pj-files\aungkokohein\JLPT\dataconnect`
 {"metadata":{"emulator":{"name":"dataconnect"},"message":"E0918 08:36:05.658031   19120 watch.go:40] Failed to load config from \"c:\\\\Users\\\\EMP_26018\\\\Desktop\\\\Pj-files\\\\aungkokohein\\\\JLPT\\\\dataconnect\": could not find dataconnect.yaml in `c:\\Users\\EMP_26018\\Desktop\\Pj-files\\aungkokohein\\JLPT\\dataconnect`\n"}}
[debug] [2026-09-18T02:06:15.648Z] E0918 08:36:15.642648   19120 watch.go:116] watchAllDir unable to walk dir `c:\Users\EMP_26018\Desktop\Pj-files\aungkokohein\JLPT\dataconnect`: GetFileAttributesEx c:\Users\EMP_26018\Desktop\Pj-files\aungkokohein\JLPT\dataconnect: The system cannot find the file specified.
 {"metadata":{"emulator":{"name":"dataconnect"},"message":"E0918 08:36:15.642648   19120 watch.go:116] watchAllDir unable to walk dir `c:\\Users\\EMP_26018\\Desktop\\Pj-files\\aungkokohein\\JLPT\\dataconnect`: GetFileAttributesEx c:\\Users\\EMP_26018\\Desktop\\Pj-files\\aungkokohein\\JLPT\\dataconnect: The system cannot find the file specified.\n"}}
[debug] [2026-09-18T02:06:15.649Z] E0918 08:36:15.642648   19120 watch.go:40] Failed to load config from "c:\\Users\\EMP_26018\\Desktop\\Pj-files\\aungkokohein\\JLPT\\dataconnect": could not find dataconnect.yaml in `c:\Users\EMP_26018\Desktop\Pj-files\aungkokohein\JLPT\dataconnect`
 {"metadata":{"emulator":{"name":"dataconnect"},"message":"E0918 08:36:15.642648   19120 watch.go:40] Failed to load config from \"c:\\\\Users\\\\EMP_26018\\\\Desktop\\\\Pj-files\\\\aungkokohein\\\\JLPT\\\\dataconnect\": could not find dataconnect.yaml in `c:\\Users\\EMP_26018\\Desktop\\Pj-files\\aungkokohein\\JLPT\\dataconnect`\n"}}
[debug] [2026-09-18T02:06:25.649Z] E0918 08:36:25.641824   19120 watch.go:40] Failed to load config from "c:\\Users\\EMP_26018\\Desktop\\Pj-files\\aungkokohein\\JLPT\\dataconnect": could not find dataconnect.yaml in `c:\Users\EMP_26018\Desktop\Pj-files\aungkokohein\JLPT\dataconnect`
 {"metadata":{"emulator":{"name":"dataconnect"},"message":"E0918 08:36:25.641824   19120 watch.go:40] Failed to load config from \"c:\\\\Users\\\\EMP_26018\\\\Desktop\\\\Pj-files\\\\aungkokohein\\\\JLPT\\\\dataconnect\": could not find dataconnect.yaml in `c:\\Users\\EMP_26018\\Desktop\\Pj-files\\aungkokohein\\JLPT\\dataconnect`\n"}}
[debug] [2026-09-18T02:06:35.649Z] E0918 08:36:35.640127   19120 watch.go:40] Failed to load config from "c:\\Users\\EMP_26018\\Desktop\\Pj-files\\aungkokohein\\JLPT\\dataconnect": could not find dataconnect.yaml in `c:\Users\EMP_26018\Desktop\Pj-files\aungkokohein\JLPT\dataconnect`
 {"metadata":{"emulator":{"name":"dataconnect"},"message":"E0918 08:36:35.640127   19120 watch.go:40] Failed to load config from \"c:\\\\Users\\\\EMP_26018\\\\Desktop\\\\Pj-files\\\\aungkokohein\\\\JLPT\\\\dataconnect\": could not find dataconnect.yaml in `c:\\Users\\EMP_26018\\Desktop\\Pj-files\\aungkokohein\\JLPT\\dataconnect`\n"}}
[debug] [2026-09-18T02:06:45.639Z] E0918 08:36:45.638286   19120 watch.go:40] Failed to load config from "c:\\Users\\EMP_26018\\Desktop\\Pj-files\\aungkokohein\\JLPT\\dataconnect": could not find dataconnect.yaml in `c:\Users\EMP_26018\Desktop\Pj-files\aungkokohein\JLPT\dataconnect`
 {"metadata":{"emulator":{"name":"dataconnect"},"message":"E0918 08:36:45.638286   19120 watch.go:40] Failed to load config from \"c:\\\\Users\\\\EMP_26018\\\\Desktop\\\\Pj-files\\\\aungkokohein\\\\JLPT\\\\dataconnect\": could not find dataconnect.yaml in `c:\\Users\\EMP_26018\\Desktop\\Pj-files\\aungkokohein\\JLPT\\dataconnect`\n"}}
[debug] [2026-09-18T02:06:55.640Z] E0918 08:36:55.637047   19120 watch.go:40] Failed to load config from "c:\\Users\\EMP_26018\\Desktop\\Pj-files\\aungkokohein\\JLPT\\dataconnect": could not find dataconnect.yaml in `c:\Users\EMP_26018\Desktop\Pj-files\aungkokohein\JLPT\dataconnect`
 {"metadata":{"emulator":{"name":"dataconnect"},"message":"E0918 08:36:55.637047   19120 watch.go:40] Failed to load config from \"c:\\\\Users\\\\EMP_26018\\\\Desktop\\\\Pj-files\\\\aungkokohein\\\\JLPT\\\\dataconnect\": could not find dataconnect.yaml in `c:\\Users\\EMP_26018\\Desktop\\Pj-files\\aungkokohein\\JLPT\\dataconnect`\n"}}
[debug] [2026-09-18T02:07:05.640Z] E0918 08:37:05.635599   19120 watch.go:40] Failed to load config from "c:\\Users\\EMP_26018\\Desktop\\Pj-files\\aungkokohein\\JLPT\\dataconnect": could not find dataconnect.yaml in `c:\Users\EMP_26018\Desktop\Pj-files\aungkokohein\JLPT\dataconnect`
 {"metadata":{"emulator":{"name":"dataconnect"},"message":"E0918 08:37:05.635599   19120 watch.go:40] Failed to load config from \"c:\\\\Users\\\\EMP_26018\\\\Desktop\\\\Pj-files\\\\aungkokohein\\\\JLPT\\\\dataconnect\": could not find dataconnect.yaml in `c:\\Users\\EMP_26018\\Desktop\\Pj-files\\aungkokohein\\JLPT\\dataconnect`\n"}}
[debug] [2026-09-18T02:07:15.640Z] E0918 08:37:15.634269   19120 watch.go:116] watchAllDir unable to walk dir `c:\Users\EMP_26018\Desktop\Pj-files\aungkokohein\JLPT\dataconnect`: GetFileAttributesEx c:\Users\EMP_26018\Desktop\Pj-files\aungkokohein\JLPT\dataconnect: The system cannot find the file specified.
 {"metadata":{"emulator":{"name":"dataconnect"},"message":"E0918 08:37:15.634269   19120 watch.go:116] watchAllDir unable to walk dir `c:\\Users\\EMP_26018\\Desktop\\Pj-files\\aungkokohein\\JLPT\\dataconnect`: GetFileAttributesEx c:\\Users\\EMP_26018\\Desktop\\Pj-files\\aungkokohein\\JLPT\\dataconnect: The system cannot find the file specified.\n"}}
[debug] [2026-09-18T02:07:15.640Z] E0918 08:37:15.634741   19120 watch.go:40] Failed to load config from "c:\\Users\\EMP_26018\\Desktop\\Pj-files\\aungkokohein\\JLPT\\dataconnect": could not find dataconnect.yaml in `c:\Users\EMP_26018\Desktop\Pj-files\aungkokohein\JLPT\dataconnect`
 {"metadata":{"emulator":{"name":"dataconnect"},"message":"E0918 08:37:15.634741   19120 watch.go:40] Failed to load config from \"c:\\\\Users\\\\EMP_26018\\\\Desktop\\\\Pj-files\\\\aungkokohein\\\\JLPT\\\\dataconnect\": could not find dataconnect.yaml in `c:\\Users\\EMP_26018\\Desktop\\Pj-files\\aungkokohein\\JLPT\\dataconnect`\n"}}
[debug] [2026-09-18T02:07:25.639Z] E0918 08:37:25.632328   19120 watch.go:40] Failed to load config from "c:\\Users\\EMP_26018\\Desktop\\Pj-files\\aungkokohein\\JLPT\\dataconnect": could not find dataconnect.yaml in `c:\Users\EMP_26018\Desktop\Pj-files\aungkokohein\JLPT\dataconnect`
 {"metadata":{"emulator":{"name":"dataconnect"},"message":"E0918 08:37:25.632328   19120 watch.go:40] Failed to load config from \"c:\\\\Users\\\\EMP_26018\\\\Desktop\\\\Pj-files\\\\aungkokohein\\\\JLPT\\\\dataconnect\": could not find dataconnect.yaml in `c:\\Users\\EMP_26018\\Desktop\\Pj-files\\aungkokohein\\JLPT\\dataconnect`\n"}}
[debug] [2026-09-18T02:07:35.640Z] E0918 08:37:35.631173   19120 watch.go:40] Failed to load config from "c:\\Users\\EMP_26018\\Desktop\\Pj-files\\aungkokohein\\JLPT\\dataconnect": could not find dataconnect.yaml in `c:\Users\EMP_26018\Desktop\Pj-files\aungkokohein\JLPT\dataconnect`
 {"metadata":{"emulator":{"name":"dataconnect"},"message":"E0918 08:37:35.631173   19120 watch.go:40] Failed to load config from \"c:\\\\Users\\\\EMP_26018\\\\Desktop\\\\Pj-files\\\\aungkokohein\\\\JLPT\\\\dataconnect\": could not find dataconnect.yaml in `c:\\Users\\EMP_26018\\Desktop\\Pj-files\\aungkokohein\\JLPT\\dataconnect`\n"}}
[debug] [2026-09-18T02:07:45.629Z] E0918 08:37:45.629710   19120 watch.go:40] Failed to load config from "c:\\Users\\EMP_26018\\Desktop\\Pj-files\\aungkokohein\\JLPT\\dataconnect": could not find dataconnect.yaml in `c:\Users\EMP_26018\Desktop\Pj-files\aungkokohein\JLPT\dataconnect`
 {"metadata":{"emulator":{"name":"dataconnect"},"message":"E0918 08:37:45.629710   19120 watch.go:40] Failed to load config from \"c:\\\\Users\\\\EMP_26018\\\\Desktop\\\\Pj-files\\\\aungkokohein\\\\JLPT\\\\dataconnect\": could not find dataconnect.yaml in `c:\\Users\\EMP_26018\\Desktop\\Pj-files\\aungkokohein\\JLPT\\dataconnect`\n"}}
[debug] [2026-09-18T02:07:55.629Z] E0918 08:37:55.628126   19120 watch.go:40] Failed to load config from "c:\\Users\\EMP_26018\\Desktop\\Pj-files\\aungkokohein\\JLPT\\dataconnect": could not find dataconnect.yaml in `c:\Users\EMP_26018\Desktop\Pj-files\aungkokohein\JLPT\dataconnect`
 {"metadata":{"emulator":{"name":"dataconnect"},"message":"E0918 08:37:55.628126   19120 watch.go:40] Failed to load config from \"c:\\\\Users\\\\EMP_26018\\\\Desktop\\\\Pj-files\\\\aungkokohein\\\\JLPT\\\\dataconnect\": could not find dataconnect.yaml in `c:\\Users\\EMP_26018\\Desktop\\Pj-files\\aungkokohein\\JLPT\\dataconnect`\n"}}
[debug] [2026-09-18T02:08:05.629Z] E0918 08:38:05.626647   19120 watch.go:40] Failed to load config from "c:\\Users\\EMP_26018\\Desktop\\Pj-files\\aungkokohein\\JLPT\\dataconnect": could not find dataconnect.yaml in `c:\Users\EMP_26018\Desktop\Pj-files\aungkokohein\JLPT\dataconnect`
 {"metadata":{"emulator":{"name":"dataconnect"},"message":"E0918 08:38:05.626647   19120 watch.go:40] Failed to load config from \"c:\\\\Users\\\\EMP_26018\\\\Desktop\\\\Pj-files\\\\aungkokohein\\\\JLPT\\\\dataconnect\": could not find dataconnect.yaml in `c:\\Users\\EMP_26018\\Desktop\\Pj-files\\aungkokohein\\JLPT\\dataconnect`\n"}}
[debug] [2026-09-18T02:08:15.629Z] E0918 08:38:15.625251   19120 watch.go:116] watchAllDir unable to walk dir `c:\Users\EMP_26018\Desktop\Pj-files\aungkokohein\JLPT\dataconnect`: GetFileAttributesEx c:\Users\EMP_26018\Desktop\Pj-files\aungkokohein\JLPT\dataconnect: The system cannot find the file specified.
 {"metadata":{"emulator":{"name":"dataconnect"},"message":"E0918 08:38:15.625251   19120 watch.go:116] watchAllDir unable to walk dir `c:\\Users\\EMP_26018\\Desktop\\Pj-files\\aungkokohein\\JLPT\\dataconnect`: GetFileAttributesEx c:\\Users\\EMP_26018\\Desktop\\Pj-files\\aungkokohein\\JLPT\\dataconnect: The system cannot find the file specified.\n"}}
[debug] [2026-09-18T02:08:15.630Z] E0918 08:38:15.625251   19120 watch.go:40] Failed to load config from "c:\\Users\\EMP_26018\\Desktop\\Pj-files\\aungkokohein\\JLPT\\dataconnect": could not find dataconnect.yaml in `c:\Users\EMP_26018\Desktop\Pj-files\aungkokohein\JLPT\dataconnect`
 {"metadata":{"emulator":{"name":"dataconnect"},"message":"E0918 08:38:15.625251   19120 watch.go:40] Failed to load config from \"c:\\\\Users\\\\EMP_26018\\\\Desktop\\\\Pj-files\\\\aungkokohein\\\\JLPT\\\\dataconnect\": could not find dataconnect.yaml in `c:\\Users\\EMP_26018\\Desktop\\Pj-files\\aungkokohein\\JLPT\\dataconnect`\n"}}
[debug] [2026-09-18T02:08:25.629Z] E0918 08:38:25.623753   19120 watch.go:40] Failed to load config from "c:\\Users\\EMP_26018\\Desktop\\Pj-files\\aungkokohein\\JLPT\\dataconnect": could not find dataconnect.yaml in `c:\Users\EMP_26018\Desktop\Pj-files\aungkokohein\JLPT\dataconnect`
 {"metadata":{"emulator":{"name":"dataconnect"},"message":"E0918 08:38:25.623753   19120 watch.go:40] Failed to load config from \"c:\\\\Users\\\\EMP_26018\\\\Desktop\\\\Pj-files\\\\aungkokohein\\\\JLPT\\\\dataconnect\": could not find dataconnect.yaml in `c:\\Users\\EMP_26018\\Desktop\\Pj-files\\aungkokohein\\JLPT\\dataconnect`\n"}}
[debug] [2026-09-18T02:08:35.629Z] E0918 08:38:35.622168   19120 watch.go:40] Failed to load config from "c:\\Users\\EMP_26018\\Desktop\\Pj-files\\aungkokohein\\JLPT\\dataconnect": could not find dataconnect.yaml in `c:\Users\EMP_26018\Desktop\Pj-files\aungkokohein\JLPT\dataconnect`
 {"metadata":{"emulator":{"name":"dataconnect"},"message":"E0918 08:38:35.622168   19120 watch.go:40] Failed to load config from \"c:\\\\Users\\\\EMP_26018\\\\Desktop\\\\Pj-files\\\\aungkokohein\\\\JLPT\\\\dataconnect\": could not find dataconnect.yaml in `c:\\Users\\EMP_26018\\Desktop\\Pj-files\\aungkokohein\\JLPT\\dataconnect`\n"}}
[debug] [2026-09-18T02:08:45.621Z] E0918 08:38:45.621347   19120 watch.go:40] Failed to load config from "c:\\Users\\EMP_26018\\Desktop\\Pj-files\\aungkokohein\\JLPT\\dataconnect": could not find dataconnect.yaml in `c:\Users\EMP_26018\Desktop\Pj-files\aungkokohein\JLPT\dataconnect`
 {"metadata":{"emulator":{"name":"dataconnect"},"message":"E0918 08:38:45.621347   19120 watch.go:40] Failed to load config from \"c:\\\\Users\\\\EMP_26018\\\\Desktop\\\\Pj-files\\\\aungkokohein\\\\JLPT\\\\dataconnect\": could not find dataconnect.yaml in `c:\\Users\\EMP_26018\\Desktop\\Pj-files\\aungkokohein\\JLPT\\dataconnect`\n"}}
[debug] [2026-09-18T02:08:55.620Z] E0918 08:38:55.619069   19120 watch.go:40] Failed to load config from "c:\\Users\\EMP_26018\\Desktop\\Pj-files\\aungkokohein\\JLPT\\dataconnect": could not find dataconnect.yaml in `c:\Users\EMP_26018\Desktop\Pj-files\aungkokohein\JLPT\dataconnect`
 {"metadata":{"emulator":{"name":"dataconnect"},"message":"E0918 08:38:55.619069   19120 watch.go:40] Failed to load config from \"c:\\\\Users\\\\EMP_26018\\\\Desktop\\\\Pj-files\\\\aungkokohein\\\\JLPT\\\\dataconnect\": could not find dataconnect.yaml in `c:\\Users\\EMP_26018\\Desktop\\Pj-files\\aungkokohein\\JLPT\\dataconnect`\n"}}
[debug] [2026-09-18T02:09:05.771Z] I0918 08:39:05.768039   19120 load.go:31] Reloading schema and connectors...
 {"metadata":{"emulator":{"name":"dataconnect"},"message":"I0918 08:39:05.768039   19120 load.go:31] Reloading schema and connectors...\n"}}
[debug] [2026-09-18T02:09:05.850Z] I0918 08:39:05.839600   19120 control.go:100] [projects/emulator/locations/emulator/services/jlpt 674f] UpdateResources(): done
Main schema: sources: schema\schema.gql [698B] 
Connector "example": sources: example\queries.gql [3300B] 
 {"metadata":{"emulator":{"name":"dataconnect"},"message":"I0918 08:39:05.839600   19120 control.go:100] [projects/emulator/locations/emulator/services/jlpt 674f] UpdateResources(): done\nMain schema: sources: schema\\schema.gql [698B] \nConnector \"example\": sources: example\\queries.gql [3300B] \n"}}
[debug] [2026-09-18T02:09:05.970Z] I0918 08:39:05.967325   19120 codegen.go:101] [connector "example" javascriptSdk] Generating sources into "c:\\Users\\EMP_26018\\Desktop\\Pj-files\\aungkokohein\\JLPT\\src\\dataconnect-generated"
 {"metadata":{"emulator":{"name":"dataconnect"},"message":"I0918 08:39:05.967325   19120 codegen.go:101] [connector \"example\" javascriptSdk] Generating sources into \"c:\\\\Users\\\\EMP_26018\\\\Desktop\\\\Pj-files\\\\aungkokohein\\\\JLPT\\\\src\\\\dataconnect-generated\"\n"}}
[debug] [2026-09-18T02:09:06.009Z] I0918 08:39:06.006365   19120 collector.go:107] schema extensions wrote into "c:\\Users\\EMP_26018\\Desktop\\Pj-files\\aungkokohein\\JLPT\\dataconnect\\.dataconnect\\schema"
Generated sources: prelude.gql [84995B] main\mutation.gql [23864B] main\implicit.gql [3820B] main\input.gql [48329B] main\relation.gql [24155B] main\query.gql [8822B] 
 {"metadata":{"emulator":{"name":"dataconnect"},"message":"I0918 08:39:06.006365   19120 collector.go:107] schema extensions wrote into \"c:\\\\Users\\\\EMP_26018\\\\Desktop\\\\Pj-files\\\\aungkokohein\\\\JLPT\\\\dataconnect\\\\.dataconnect\\\\schema\"\nGenerated sources: prelude.gql [84995B] main\\mutation.gql [23864B] main\\implicit.gql [3820B] main\\input.gql [48329B] main\\relation.gql [24155B] main\\query.gql [8822B] \n"}}
[debug] [2026-09-18T02:09:06.107Z] I0918 08:39:06.103773   19120 collector.go:107] connector "example" javascriptSdk wrote into "c:\\Users\\EMP_26018\\Desktop\\Pj-files\\aungkokohein\\JLPT\\src\\dataconnect-generated"
Generated sources: .guides/config.json [236B] .guides/usage.md [4133B] .guides/setup.md [1682B] esm\package.json [17B] README.md [99747B] react\package.json [460B] index.d.ts [19849B] index.cjs.js [14412B] react\index.d.ts [10353B] react\esm\package.json [17B] react\README.md [108461B] esm\index.esm.js [13037B] package.json [853B] react\index.cjs.js [8606B] react\esm\index.esm.js [8145B] 
 {"metadata":{"emulator":{"name":"dataconnect"},"message":"I0918 08:39:06.103773   19120 collector.go:107] connector \"example\" javascriptSdk wrote into \"c:\\\\Users\\\\EMP_26018\\\\Desktop\\\\Pj-files\\\\aungkokohein\\\\JLPT\\\\src\\\\dataconnect-generated\"\nGenerated sources: .guides/config.json [236B] .guides/usage.md [4133B] .guides/setup.md [1682B] esm\\package.json [17B] README.md [99747B] react\\package.json [460B] index.d.ts [19849B] index.cjs.js [14412B] react\\index.d.ts [10353B] react\\esm\\package.json [17B] react\\README.md [108461B] esm\\index.esm.js [13037B] package.json [853B] react\\index.cjs.js [8606B] react\\esm\\index.esm.js [8145B] \n"}}
[debug] [2026-09-18T02:09:06.198Z] I0918 08:39:06.175380   19120 installsdk.go:86] Running command: C:\Program Files\nodejs\npm.cmd install file:src\dataconnect-generated
 {"metadata":{"emulator":{"name":"dataconnect"},"message":"I0918 08:39:06.175380   19120 installsdk.go:86] Running command: C:\\Program Files\\nodejs\\npm.cmd install file:src\\dataconnect-generated\n"}}
[debug] [2026-09-18T02:09:15.664Z] I0918 08:39:15.659518   19120 load.go:109] Finished reloading
 {"metadata":{"emulator":{"name":"dataconnect"},"message":"I0918 08:39:15.659518   19120 load.go:109] Finished reloading\n"}}
[info] [Firebase Plugin] Stopping SQL Connect toolkit
[warn] !  SQL Connect Emulator has exited upon receiving signal: SIGINT 
[debug] [2026-09-18T03:22:36.676Z] [Firebase Plugin] Activating Firebase extension.
[debug] [2026-09-18T03:22:40.851Z] [Firebase Plugin] requireAuthWrapper
[debug] [2026-09-18T03:22:40.872Z] > command requires scopes: ["email","openid","https://www.googleapis.com/auth/cloudplatformprojects.readonly","https://www.googleapis.com/auth/firebase","https://www.googleapis.com/auth/cloud-platform"]
[debug] [2026-09-18T03:22:40.873Z] > authorizing via signed-in user (austin.akkh.ag@gmail.com)
[debug] [2026-09-18T03:22:40.878Z] Checked if tokens are valid: false, expires at: 1789700537401
[debug] [2026-09-18T03:22:40.879Z] Checked if tokens are valid: false, expires at: 1789700537401
[debug] [2026-09-18T03:22:40.880Z] > refreshing access token with scopes: []
[debug] [2026-09-18T03:22:40.885Z] >>> [apiv2][query] POST https://www.googleapis.com/oauth2/v3/token [none]
[debug] [2026-09-18T03:22:40.886Z] >>> [apiv2][body] POST https://www.googleapis.com/oauth2/v3/token [omitted]
[debug] [2026-09-18T03:22:40.932Z] [Firebase Plugin] VSCode notification server listening on port 40001
[info] [Firebase Plugin] Starting SQL Connect toolkit (version 3.4.16) on port 50001
[debug] [2026-09-18T03:22:42.037Z] I0918 09:52:42.001027    7944 control.go:100] [projects/emulator/locations/emulator/services/jlpt 6810] UpdateResources(): done
Main schema: sources: schema\schema.gql [698B] 
Connector "example": sources: example\queries.gql [3300B] 
 {"metadata":{"emulator":{"name":"dataconnect"},"message":"I0918 09:52:42.001027    7944 control.go:100] [projects/emulator/locations/emulator/services/jlpt 6810] UpdateResources(): done\nMain schema: sources: schema\\schema.gql [698B] \nConnector \"example\": sources: example\\queries.gql [3300B] \n"}}
[debug] [2026-09-18T03:22:42.040Z] Ignoring unsupported arg: auto_download {"metadata":{"emulator":{"name":"dataconnect"},"message":"Ignoring unsupported arg: auto_download"}}
[debug] [2026-09-18T03:22:42.041Z] Ignoring unsupported arg: port {"metadata":{"emulator":{"name":"dataconnect"},"message":"Ignoring unsupported arg: port"}}
[debug] [2026-09-18T03:22:42.044Z] Starting SQL Connect Emulator with command {"binary":"C:\\Users\\EMP_26018\\.cache\\firebase\\emulators\\dataconnect-emulator-3.4.16.exe","args":["--logtostderr","-v=2","dev","--listen=localhost:50001","--config_dir=c:\\Users\\EMP_26018\\Desktop\\Pj-files\\aungkokohein\\JLPT\\dataconnect","--enable_output_schema_extensions=true","--enable_output_generated_sdk=true"],"optionalArgs":["listen","config_dir","enable_output_schema_extensions","enable_output_generated_sdk"],"joinArgs":true,"shell":false,"port":9399} {"metadata":{"emulator":{"name":"dataconnect"},"message":"Starting SQL Connect Emulator with command {\"binary\":\"C:\\\\Users\\\\EMP_26018\\\\.cache\\\\firebase\\\\emulators\\\\dataconnect-emulator-3.4.16.exe\",\"args\":[\"--logtostderr\",\"-v=2\",\"dev\",\"--listen=localhost:50001\",\"--config_dir=c:\\\\Users\\\\EMP_26018\\\\Desktop\\\\Pj-files\\\\aungkokohein\\\\JLPT\\\\dataconnect\",\"--enable_output_schema_extensions=true\",\"--enable_output_generated_sdk=true\"],\"optionalArgs\":[\"listen\",\"config_dir\",\"enable_output_schema_extensions\",\"enable_output_generated_sdk\"],\"joinArgs\":true,\"shell\":false,\"port\":9399}"}}
[info] i  dataconnect: SQL Connect Emulator logging to dataconnect-debug.log {"metadata":{"emulator":{"name":"dataconnect"},"message":"SQL Connect Emulator logging to \u001b[1mdataconnect-debug.log\u001b[22m"}}
[debug] [2026-09-18T03:22:42.317Z] I0918 09:52:42.307067    6444 load.go:31] Reloading schema and connectors...
 {"metadata":{"emulator":{"name":"dataconnect"},"message":"I0918 09:52:42.307067    6444 load.go:31] Reloading schema and connectors...\n"}}
[debug] [2026-09-18T03:22:42.539Z] I0918 09:52:42.483276    6444 control.go:100] [projects/emulator/locations/emulator/services/jlpt 6a07] UpdateResources(): done
Main schema: sources: schema\schema.gql [698B] 
Connector "example": sources: example\queries.gql [3300B] 
 {"metadata":{"emulator":{"name":"dataconnect"},"message":"I0918 09:52:42.483276    6444 control.go:100] [projects/emulator/locations/emulator/services/jlpt 6a07] UpdateResources(): done\nMain schema: sources: schema\\schema.gql [698B] \nConnector \"example\": sources: example\\queries.gql [3300B] \n"}}
[debug] [2026-09-18T03:22:42.564Z] <<< [apiv2][status] POST https://www.googleapis.com/oauth2/v3/token 200
[debug] [2026-09-18T03:22:42.565Z] <<< [apiv2][body] POST https://www.googleapis.com/oauth2/v3/token [omitted]
[debug] [2026-09-18T03:22:42.624Z] [Firebase Plugin] User found:  austin.akkh.ag@gmail.com
[info] [Firebase Plugin] (Core:Project) New user detected, fetching projects
[debug] [2026-09-18T03:22:42.627Z] Checked if tokens are valid: true, expires at: 1789705361566
[debug] [2026-09-18T03:22:42.628Z] >>> [apiv2][query] GET https://firebase.googleapis.com/v1beta1/projects pageSize=1000
[debug] [2026-09-18T03:22:42.750Z] I0918 09:52:42.593551    6444 codegen.go:101] [connector "example" javascriptSdk] Generating sources into "c:\\Users\\EMP_26018\\Desktop\\Pj-files\\aungkokohein\\JLPT\\src\\dataconnect-generated"
I0918 09:52:42.644893    6444 collector.go:107] schema extensions wrote into "c:\\Users\\EMP_26018\\Desktop\\Pj-files\\aungkokohein\\JLPT\\dataconnect\\.dataconnect\\schema"
Generated sources: prelude.gql [84995B] main\implicit.gql [3820B] main\input.gql [48329B] main\relation.gql [24155B] main\query.gql [8822B] main\mutation.gql [23864B] 
I0918 09:52:42.657256    6444 collector.go:107] connector "example" javascriptSdk wrote into "c:\\Users\\EMP_26018\\Desktop\\Pj-files\\aungkokohein\\JLPT\\src\\dataconnect-generated"
Generated sources: esm\index.esm.js [13037B] esm\package.json [17B] README.md [99747B] react\package.json [460B] package.json [853B] react\index.cjs.js [8606B] react\README.md [108461B] react\esm\index.esm.js [8145B] .guides/usage.md [4133B] .guides/setup.md [1682B] index.d.ts [19849B] index.cjs.js [14412B] react\index.d.ts [10353B] react\esm\package.json [17B] .guides/config.json [236B] 
I0918 09:52:42.665308    6444 installsdk.go:55] Package @dataconnect/generated is already installed. Skipping installation
I0918 09:52:42.665308    6444 load.go:109] Finished reloading
 {"metadata":{"emulator":{"name":"dataconnect"},"message":"I0918 09:52:42.593551    6444 codegen.go:101] [connector \"example\" javascriptSdk] Generating sources into \"c:\\\\Users\\\\EMP_26018\\\\Desktop\\\\Pj-files\\\\aungkokohein\\\\JLPT\\\\src\\\\dataconnect-generated\"\nI0918 09:52:42.644893    6444 collector.go:107] schema extensions wrote into \"c:\\\\Users\\\\EMP_26018\\\\Desktop\\\\Pj-files\\\\aungkokohein\\\\JLPT\\\\dataconnect\\\\.dataconnect\\\\schema\"\nGenerated sources: prelude.gql [84995B] main\\implicit.gql [3820B] main\\input.gql [48329B] main\\relation.gql [24155B] main\\query.gql [8822B] main\\mutation.gql [23864B] \nI0918 09:52:42.657256    6444 collector.go:107] connector \"example\" javascriptSdk wrote into \"c:\\\\Users\\\\EMP_26018\\\\Desktop\\\\Pj-files\\\\aungkokohein\\\\JLPT\\\\src\\\\dataconnect-generated\"\nGenerated sources: esm\\index.esm.js [13037B] esm\\package.json [17B] README.md [99747B] react\\package.json [460B] package.json [853B] react\\index.cjs.js [8606B] react\\README.md [108461B] react\\esm\\index.esm.js [8145B] .guides/usage.md [4133B] .guides/setup.md [1682B] index.d.ts [19849B] index.cjs.js [14412B] react\\index.d.ts [10353B] react\\esm\\package.json [17B] .guides/config.json [236B] \nI0918 09:52:42.665308    6444 installsdk.go:55] Package @dataconnect/generated is already installed. Skipping installation\nI0918 09:52:42.665308    6444 load.go:109] Finished reloading\n"}}
[debug] [2026-09-18T03:22:42.852Z] I0918 09:52:42.791178    6444 dev.go:101] Listening on address (HTTP + gRPC): 127.0.0.1:50001
 {"metadata":{"emulator":{"name":"dataconnect"},"message":"I0918 09:52:42.791178    6444 dev.go:101] Listening on address (HTTP + gRPC): 127.0.0.1:50001\n"}}
[debug] [2026-09-18T03:22:43.038Z] I0918 09:52:43.036477    6444 engine.go:209] [projects/emulator/locations/emulator/services/jlpt 6a07] ExecuteGraphqlRead query IntrospectionQuery: succeeded. 
 {"metadata":{"emulator":{"name":"dataconnect"},"message":"I0918 09:52:43.036477    6444 engine.go:209] [projects/emulator/locations/emulator/services/jlpt 6a07] ExecuteGraphqlRead query IntrospectionQuery: succeeded. \n"}}
[debug] [2026-09-18T03:22:43.603Z] <<< [apiv2][status] GET https://firebase.googleapis.com/v1beta1/projects 200
[debug] [2026-09-18T03:22:43.603Z] <<< [apiv2][body] GET https://firebase.googleapis.com/v1beta1/projects [omitted]
[info] [Firebase Plugin] Stopping SQL Connect toolkit
[warn] !  SQL Connect Emulator has exited upon receiving signal: SIGINT 
[debug] [2026-09-18T03:42:21.107Z] [Firebase Plugin] Activating Firebase extension.
[debug] [2026-09-18T03:42:28.963Z] [Firebase Plugin] requireAuthWrapper
[debug] [2026-09-18T03:42:28.979Z] > command requires scopes: ["email","openid","https://www.googleapis.com/auth/cloudplatformprojects.readonly","https://www.googleapis.com/auth/firebase","https://www.googleapis.com/auth/cloud-platform"]
[debug] [2026-09-18T03:42:28.979Z] > authorizing via signed-in user (austin.akkh.ag@gmail.com)
[debug] [2026-09-18T03:42:28.986Z] Checked if tokens are valid: true, expires at: 1789705361566
[debug] [2026-09-18T03:42:28.987Z] Checked if tokens are valid: true, expires at: 1789705361566
[debug] [2026-09-18T03:42:28.988Z] [Firebase Plugin] User found:  austin.akkh.ag@gmail.com
[info] [Firebase Plugin] (Core:Project) New user detected, fetching projects
[debug] [2026-09-18T03:42:28.990Z] Checked if tokens are valid: true, expires at: 1789705361566
[debug] [2026-09-18T03:42:28.993Z] >>> [apiv2][query] GET https://firebase.googleapis.com/v1beta1/projects pageSize=1000
[debug] [2026-09-18T03:42:29.034Z] [Firebase Plugin] VSCode notification server listening on port 40001
[info] [Firebase Plugin] Starting SQL Connect toolkit (version 3.4.16) on port 50001
[debug] [2026-09-18T03:42:29.746Z] I0918 10:12:29.714972    6744 control.go:100] [projects/emulator/locations/emulator/services/jlpt 94b2] UpdateResources(): done
Main schema: sources: schema\schema.gql [698B] 
Connector "example": sources: example\queries.gql [3300B] 
 {"metadata":{"emulator":{"name":"dataconnect"},"message":"I0918 10:12:29.714972    6744 control.go:100] [projects/emulator/locations/emulator/services/jlpt 94b2] UpdateResources(): done\nMain schema: sources: schema\\schema.gql [698B] \nConnector \"example\": sources: example\\queries.gql [3300B] \n"}}
[debug] [2026-09-18T03:42:29.748Z] Ignoring unsupported arg: auto_download {"metadata":{"emulator":{"name":"dataconnect"},"message":"Ignoring unsupported arg: auto_download"}}
[debug] [2026-09-18T03:42:29.748Z] Ignoring unsupported arg: port {"metadata":{"emulator":{"name":"dataconnect"},"message":"Ignoring unsupported arg: port"}}
[debug] [2026-09-18T03:42:29.749Z] Starting SQL Connect Emulator with command {"binary":"C:\\Users\\EMP_26018\\.cache\\firebase\\emulators\\dataconnect-emulator-3.4.16.exe","args":["--logtostderr","-v=2","dev","--listen=localhost:50001","--config_dir=c:\\Users\\EMP_26018\\Desktop\\Pj-files\\aungkokohein\\JLPT\\dataconnect","--enable_output_schema_extensions=true","--enable_output_generated_sdk=true"],"optionalArgs":["listen","config_dir","enable_output_schema_extensions","enable_output_generated_sdk"],"joinArgs":true,"shell":false,"port":9399} {"metadata":{"emulator":{"name":"dataconnect"},"message":"Starting SQL Connect Emulator with command {\"binary\":\"C:\\\\Users\\\\EMP_26018\\\\.cache\\\\firebase\\\\emulators\\\\dataconnect-emulator-3.4.16.exe\",\"args\":[\"--logtostderr\",\"-v=2\",\"dev\",\"--listen=localhost:50001\",\"--config_dir=c:\\\\Users\\\\EMP_26018\\\\Desktop\\\\Pj-files\\\\aungkokohein\\\\JLPT\\\\dataconnect\",\"--enable_output_schema_extensions=true\",\"--enable_output_generated_sdk=true\"],\"optionalArgs\":[\"listen\",\"config_dir\",\"enable_output_schema_extensions\",\"enable_output_generated_sdk\"],\"joinArgs\":true,\"shell\":false,\"port\":9399}"}}
[info] i  dataconnect: SQL Connect Emulator logging to dataconnect-debug.log {"metadata":{"emulator":{"name":"dataconnect"},"message":"SQL Connect Emulator logging to \u001b[1mdataconnect-debug.log\u001b[22m"}}
[debug] [2026-09-18T03:42:29.858Z] I0918 10:12:29.848539   12388 load.go:31] Reloading schema and connectors...
 {"metadata":{"emulator":{"name":"dataconnect"},"message":"I0918 10:12:29.848539   12388 load.go:31] Reloading schema and connectors...\n"}}
[debug] [2026-09-18T03:42:30.021Z] I0918 10:12:29.933345   12388 control.go:100] [projects/emulator/locations/emulator/services/jlpt bbe5] UpdateResources(): done
Main schema: sources: schema\schema.gql [698B] 
Connector "example": sources: example\queries.gql [3300B] 
 {"metadata":{"emulator":{"name":"dataconnect"},"message":"I0918 10:12:29.933345   12388 control.go:100] [projects/emulator/locations/emulator/services/jlpt bbe5] UpdateResources(): done\nMain schema: sources: schema\\schema.gql [698B] \nConnector \"example\": sources: example\\queries.gql [3300B] \n"}}
[debug] [2026-09-18T03:42:30.206Z] I0918 10:12:30.187837   12388 codegen.go:101] [connector "example" javascriptSdk] Generating sources into "c:\\Users\\EMP_26018\\Desktop\\Pj-files\\aungkokohein\\JLPT\\src\\dataconnect-generated"
 {"metadata":{"emulator":{"name":"dataconnect"},"message":"I0918 10:12:30.187837   12388 codegen.go:101] [connector \"example\" javascriptSdk] Generating sources into \"c:\\\\Users\\\\EMP_26018\\\\Desktop\\\\Pj-files\\\\aungkokohein\\\\JLPT\\\\src\\\\dataconnect-generated\"\n"}}
[debug] [2026-09-18T03:42:30.271Z] I0918 10:12:30.258540   12388 collector.go:107] schema extensions wrote into "c:\\Users\\EMP_26018\\Desktop\\Pj-files\\aungkokohein\\JLPT\\dataconnect\\.dataconnect\\schema"
Generated sources: prelude.gql [84995B] main\relation.gql [24155B] main\query.gql [8822B] main\mutation.gql [23864B] main\implicit.gql [3820B] main\input.gql [48329B] 
 {"metadata":{"emulator":{"name":"dataconnect"},"message":"I0918 10:12:30.258540   12388 collector.go:107] schema extensions wrote into \"c:\\\\Users\\\\EMP_26018\\\\Desktop\\\\Pj-files\\\\aungkokohein\\\\JLPT\\\\dataconnect\\\\.dataconnect\\\\schema\"\nGenerated sources: prelude.gql [84995B] main\\relation.gql [24155B] main\\query.gql [8822B] main\\mutation.gql [23864B] main\\implicit.gql [3820B] main\\input.gql [48329B] \n"}}
[debug] [2026-09-18T03:42:30.279Z] I0918 10:12:30.270946   12388 collector.go:107] connector "example" javascriptSdk wrote into "c:\\Users\\EMP_26018\\Desktop\\Pj-files\\aungkokohein\\JLPT\\src\\dataconnect-generated"
Generated sources: index.d.ts [19849B] package.json [853B] README.md [99747B] react\index.d.ts [10353B] react\index.cjs.js [8606B] react\esm\index.esm.js [8145B] .guides/config.json [236B] index.cjs.js [14412B] react\esm\package.json [17B] .guides/setup.md [1682B] esm\index.esm.js [13037B] react\README.md [108461B] esm\package.json [17B] react\package.json [460B] .guides/usage.md [4133B] 
I0918 10:12:30.272962   12388 installsdk.go:55] Package @dataconnect/generated is already installed. Skipping installation
I0918 10:12:30.272962   12388 load.go:109] Finished reloading
 {"metadata":{"emulator":{"name":"dataconnect"},"message":"I0918 10:12:30.270946   12388 collector.go:107] connector \"example\" javascriptSdk wrote into \"c:\\\\Users\\\\EMP_26018\\\\Desktop\\\\Pj-files\\\\aungkokohein\\\\JLPT\\\\src\\\\dataconnect-generated\"\nGenerated sources: index.d.ts [19849B] package.json [853B] README.md [99747B] react\\index.d.ts [10353B] react\\index.cjs.js [8606B] react\\esm\\index.esm.js [8145B] .guides/config.json [236B] index.cjs.js [14412B] react\\esm\\package.json [17B] .guides/setup.md [1682B] esm\\index.esm.js [13037B] react\\README.md [108461B] esm\\package.json [17B] react\\package.json [460B] .guides/usage.md [4133B] \nI0918 10:12:30.272962   12388 installsdk.go:55] Package @dataconnect/generated is already installed. Skipping installation\nI0918 10:12:30.272962   12388 load.go:109] Finished reloading\n"}}
[debug] [2026-09-18T03:42:30.378Z] I0918 10:12:30.375063   12388 dev.go:101] Listening on address (HTTP + gRPC): 127.0.0.1:50001
 {"metadata":{"emulator":{"name":"dataconnect"},"message":"I0918 10:12:30.375063   12388 dev.go:101] Listening on address (HTTP + gRPC): 127.0.0.1:50001\n"}}
[debug] [2026-09-18T03:42:30.610Z] I0918 10:12:30.608974   12388 engine.go:209] [projects/emulator/locations/emulator/services/jlpt bbe5] ExecuteGraphqlRead query IntrospectionQuery: succeeded. 
 {"metadata":{"emulator":{"name":"dataconnect"},"message":"I0918 10:12:30.608974   12388 engine.go:209] [projects/emulator/locations/emulator/services/jlpt bbe5] ExecuteGraphqlRead query IntrospectionQuery: succeeded. \n"}}
[debug] [2026-09-18T03:42:36.431Z] <<< [apiv2][status] GET https://firebase.googleapis.com/v1beta1/projects 200
[debug] [2026-09-18T03:42:36.432Z] <<< [apiv2][body] GET https://firebase.googleapis.com/v1beta1/projects [omitted]
[info] [Firebase Plugin] Stopping SQL Connect toolkit
[warn] !  SQL Connect Emulator has exited upon receiving signal: SIGINT 
[debug] [2026-09-18T04:41:19.273Z] [Firebase Plugin] Activating Firebase extension.
[debug] [2026-09-18T04:41:28.089Z] [Firebase Plugin] requireAuthWrapper
[debug] [2026-09-18T04:41:28.094Z] > command requires scopes: ["email","openid","https://www.googleapis.com/auth/cloudplatformprojects.readonly","https://www.googleapis.com/auth/firebase","https://www.googleapis.com/auth/cloud-platform"]
[debug] [2026-09-18T04:41:28.095Z] > authorizing via signed-in user (austin.akkh.ag@gmail.com)
[debug] [2026-09-18T04:41:28.102Z] Checked if tokens are valid: false, expires at: 1789705361566
[debug] [2026-09-18T04:41:28.103Z] Checked if tokens are valid: false, expires at: 1789705361566
[debug] [2026-09-18T04:41:28.104Z] > refreshing access token with scopes: []
[debug] [2026-09-18T04:41:28.108Z] >>> [apiv2][query] POST https://www.googleapis.com/oauth2/v3/token [none]
[debug] [2026-09-18T04:41:28.108Z] >>> [apiv2][body] POST https://www.googleapis.com/oauth2/v3/token [omitted]
[debug] [2026-09-18T04:41:28.151Z] [Firebase Plugin] VSCode notification server listening on port 40001
[info] [Firebase Plugin] Starting SQL Connect toolkit (version 3.4.16) on port 50001
[debug] [2026-09-18T04:41:30.962Z] I0918 11:11:30.937399   11904 control.go:100] [projects/emulator/locations/emulator/services/jlpt 859a] UpdateResources(): done
Main schema: sources: schema\schema.gql [698B] 
Connector "example": sources: example\queries.gql [3300B] 
 {"metadata":{"emulator":{"name":"dataconnect"},"message":"I0918 11:11:30.937399   11904 control.go:100] [projects/emulator/locations/emulator/services/jlpt 859a] UpdateResources(): done\nMain schema: sources: schema\\schema.gql [698B] \nConnector \"example\": sources: example\\queries.gql [3300B] \n"}}
[debug] [2026-09-18T04:41:30.963Z] Ignoring unsupported arg: auto_download {"metadata":{"emulator":{"name":"dataconnect"},"message":"Ignoring unsupported arg: auto_download"}}
[debug] [2026-09-18T04:41:30.964Z] Ignoring unsupported arg: port {"metadata":{"emulator":{"name":"dataconnect"},"message":"Ignoring unsupported arg: port"}}
[debug] [2026-09-18T04:41:30.964Z] Starting SQL Connect Emulator with command {"binary":"C:\\Users\\EMP_26018\\.cache\\firebase\\emulators\\dataconnect-emulator-3.4.16.exe","args":["--logtostderr","-v=2","dev","--listen=localhost:50001","--config_dir=c:\\Users\\EMP_26018\\Desktop\\Pj-files\\aungkokohein\\JLPT\\dataconnect","--enable_output_schema_extensions=true","--enable_output_generated_sdk=true"],"optionalArgs":["listen","config_dir","enable_output_schema_extensions","enable_output_generated_sdk"],"joinArgs":true,"shell":false,"port":9399} {"metadata":{"emulator":{"name":"dataconnect"},"message":"Starting SQL Connect Emulator with command {\"binary\":\"C:\\\\Users\\\\EMP_26018\\\\.cache\\\\firebase\\\\emulators\\\\dataconnect-emulator-3.4.16.exe\",\"args\":[\"--logtostderr\",\"-v=2\",\"dev\",\"--listen=localhost:50001\",\"--config_dir=c:\\\\Users\\\\EMP_26018\\\\Desktop\\\\Pj-files\\\\aungkokohein\\\\JLPT\\\\dataconnect\",\"--enable_output_schema_extensions=true\",\"--enable_output_generated_sdk=true\"],\"optionalArgs\":[\"listen\",\"config_dir\",\"enable_output_schema_extensions\",\"enable_output_generated_sdk\"],\"joinArgs\":true,\"shell\":false,\"port\":9399}"}}
[info] i  dataconnect: SQL Connect Emulator logging to dataconnect-debug.log {"metadata":{"emulator":{"name":"dataconnect"},"message":"SQL Connect Emulator logging to \u001b[1mdataconnect-debug.log\u001b[22m"}}
[debug] [2026-09-18T04:41:31.046Z] I0918 11:11:31.038612   10796 load.go:31] Reloading schema and connectors...
 {"metadata":{"emulator":{"name":"dataconnect"},"message":"I0918 11:11:31.038612   10796 load.go:31] Reloading schema and connectors...\n"}}
[debug] [2026-09-18T04:41:31.159Z] I0918 11:11:31.132487   10796 control.go:100] [projects/emulator/locations/emulator/services/jlpt 0d92] UpdateResources(): done
Main schema: sources: schema\schema.gql [698B] 
Connector "example": sources: example\queries.gql [3300B] 
 {"metadata":{"emulator":{"name":"dataconnect"},"message":"I0918 11:11:31.132487   10796 control.go:100] [projects/emulator/locations/emulator/services/jlpt 0d92] UpdateResources(): done\nMain schema: sources: schema\\schema.gql [698B] \nConnector \"example\": sources: example\\queries.gql [3300B] \n"}}
[debug] [2026-09-18T04:41:31.191Z] <<< [apiv2][status] POST https://www.googleapis.com/oauth2/v3/token 200
[debug] [2026-09-18T04:41:31.192Z] <<< [apiv2][body] POST https://www.googleapis.com/oauth2/v3/token [omitted]
[debug] [2026-09-18T04:41:31.246Z] [Firebase Plugin] User found:  austin.akkh.ag@gmail.com
[info] [Firebase Plugin] (Core:Project) New user detected, fetching projects
[debug] [2026-09-18T04:41:31.249Z] Checked if tokens are valid: true, expires at: 1789710090193
[debug] [2026-09-18T04:41:31.250Z] >>> [apiv2][query] GET https://firebase.googleapis.com/v1beta1/projects pageSize=1000
[debug] [2026-09-18T04:41:31.328Z] I0918 11:11:31.257450   10796 codegen.go:101] [connector "example" javascriptSdk] Generating sources into "c:\\Users\\EMP_26018\\Desktop\\Pj-files\\aungkokohein\\JLPT\\src\\dataconnect-generated"
 {"metadata":{"emulator":{"name":"dataconnect"},"message":"I0918 11:11:31.257450   10796 codegen.go:101] [connector \"example\" javascriptSdk] Generating sources into \"c:\\\\Users\\\\EMP_26018\\\\Desktop\\\\Pj-files\\\\aungkokohein\\\\JLPT\\\\src\\\\dataconnect-generated\"\n"}}
[debug] [2026-09-18T04:41:31.376Z] I0918 11:11:31.352262   10796 collector.go:107] schema extensions wrote into "c:\\Users\\EMP_26018\\Desktop\\Pj-files\\aungkokohein\\JLPT\\dataconnect\\.dataconnect\\schema"
Generated sources: main\relation.gql [24155B] main\query.gql [8822B] main\mutation.gql [23864B] prelude.gql [84995B] main\implicit.gql [3820B] main\input.gql [48329B] 
 {"metadata":{"emulator":{"name":"dataconnect"},"message":"I0918 11:11:31.352262   10796 collector.go:107] schema extensions wrote into \"c:\\\\Users\\\\EMP_26018\\\\Desktop\\\\Pj-files\\\\aungkokohein\\\\JLPT\\\\dataconnect\\\\.dataconnect\\\\schema\"\nGenerated sources: main\\relation.gql [24155B] main\\query.gql [8822B] main\\mutation.gql [23864B] prelude.gql [84995B] main\\implicit.gql [3820B] main\\input.gql [48329B] \n"}}
[debug] [2026-09-18T04:41:31.680Z] I0918 11:11:31.680055   10796 collector.go:107] connector "example" javascriptSdk wrote into "c:\\Users\\EMP_26018\\Desktop\\Pj-files\\aungkokohein\\JLPT\\src\\dataconnect-generated"
Generated sources: README.md [99747B] react\index.d.ts [10353B] react\index.cjs.js [8606B] react\esm\index.esm.js [8145B] .guides/usage.md [4133B] .guides/config.json [236B] index.d.ts [19849B] package.json [853B] react\package.json [460B] react\README.md [108461B] esm\package.json [17B] index.cjs.js [14412B] .guides/setup.md [1682B] esm\index.esm.js [13037B] react\esm\package.json [17B] 
 {"metadata":{"emulator":{"name":"dataconnect"},"message":"I0918 11:11:31.680055   10796 collector.go:107] connector \"example\" javascriptSdk wrote into \"c:\\\\Users\\\\EMP_26018\\\\Desktop\\\\Pj-files\\\\aungkokohein\\\\JLPT\\\\src\\\\dataconnect-generated\"\nGenerated sources: README.md [99747B] react\\index.d.ts [10353B] react\\index.cjs.js [8606B] react\\esm\\index.esm.js [8145B] .guides/usage.md [4133B] .guides/config.json [236B] index.d.ts [19849B] package.json [853B] react\\package.json [460B] react\\README.md [108461B] esm\\package.json [17B] index.cjs.js [14412B] .guides/setup.md [1682B] esm\\index.esm.js [13037B] react\\esm\\package.json [17B] \n"}}
[debug] [2026-09-18T04:41:31.688Z] I0918 11:11:31.687891   10796 installsdk.go:55] Package @dataconnect/generated is already installed. Skipping installation
 {"metadata":{"emulator":{"name":"dataconnect"},"message":"I0918 11:11:31.687891   10796 installsdk.go:55] Package @dataconnect/generated is already installed. Skipping installation\n"}}
[debug] [2026-09-18T04:41:31.693Z] I0918 11:11:31.694883   10796 load.go:109] Finished reloading
 {"metadata":{"emulator":{"name":"dataconnect"},"message":"I0918 11:11:31.694883   10796 load.go:109] Finished reloading\n"}}
[debug] [2026-09-18T04:41:31.905Z] I0918 11:11:31.903464   10796 dev.go:101] Listening on address (HTTP + gRPC): 127.0.0.1:50001
 {"metadata":{"emulator":{"name":"dataconnect"},"message":"I0918 11:11:31.903464   10796 dev.go:101] Listening on address (HTTP + gRPC): 127.0.0.1:50001\n"}}
[debug] [2026-09-18T04:41:32.315Z] I0918 11:11:32.256997   10796 engine.go:209] [projects/emulator/locations/emulator/services/jlpt 0d92] ExecuteGraphqlRead query IntrospectionQuery: succeeded. 
 {"metadata":{"emulator":{"name":"dataconnect"},"message":"I0918 11:11:32.256997   10796 engine.go:209] [projects/emulator/locations/emulator/services/jlpt 0d92] ExecuteGraphqlRead query IntrospectionQuery: succeeded. \n"}}
[debug] [2026-09-18T04:41:32.318Z] <<< [apiv2][status] GET https://firebase.googleapis.com/v1beta1/projects 200
[debug] [2026-09-18T04:41:32.318Z] <<< [apiv2][body] GET https://firebase.googleapis.com/v1beta1/projects [omitted]
[debug] [2026-09-21T04:55:23.980Z] [Firebase Plugin] Activating Firebase extension.
[debug] [2026-09-21T04:55:54.214Z] [Firebase Plugin] requireAuthWrapper
[debug] [2026-09-21T04:55:54.235Z] > command requires scopes: ["email","openid","https://www.googleapis.com/auth/cloudplatformprojects.readonly","https://www.googleapis.com/auth/firebase","https://www.googleapis.com/auth/cloud-platform"]
[debug] [2026-09-21T04:55:54.237Z] > authorizing via signed-in user (austin.akkh.ag@gmail.com)
[debug] [2026-09-21T04:55:54.274Z] Checked if tokens are valid: false, expires at: 1789959523199
[debug] [2026-09-21T04:55:54.309Z] Checked if tokens are valid: false, expires at: 1789959523199
[debug] [2026-09-21T04:55:54.321Z] > refreshing access token with scopes: []
[debug] [2026-09-21T04:55:54.326Z] >>> [apiv2][query] POST https://www.googleapis.com/oauth2/v3/token [none]
[debug] [2026-09-21T04:55:54.328Z] >>> [apiv2][body] POST https://www.googleapis.com/oauth2/v3/token [omitted]
[debug] [2026-09-21T04:55:54.368Z] [Firebase Plugin] VSCode notification server listening on port 40001
[info] [Firebase Plugin] Starting SQL Connect toolkit (version 3.4.16) on port 50001
[debug] [2026-09-21T04:55:59.477Z] I0921 11:25:59.463958    4148 control.go:100] [projects/emulator/locations/emulator/services/jlpt 7f67] UpdateResources(): done
Main schema: sources: schema\schema.gql [698B] 
Connector "example": sources: example\queries.gql [3300B] 
 {"metadata":{"emulator":{"name":"dataconnect"},"message":"I0921 11:25:59.463958    4148 control.go:100] [projects/emulator/locations/emulator/services/jlpt 7f67] UpdateResources(): done\nMain schema: sources: schema\\schema.gql [698B] \nConnector \"example\": sources: example\\queries.gql [3300B] \n"}}
[debug] [2026-09-21T04:55:59.478Z] Ignoring unsupported arg: auto_download {"metadata":{"emulator":{"name":"dataconnect"},"message":"Ignoring unsupported arg: auto_download"}}
[debug] [2026-09-21T04:55:59.479Z] Ignoring unsupported arg: port {"metadata":{"emulator":{"name":"dataconnect"},"message":"Ignoring unsupported arg: port"}}
[debug] [2026-09-21T04:55:59.479Z] Starting SQL Connect Emulator with command {"binary":"C:\\Users\\EMP_26018\\.cache\\firebase\\emulators\\dataconnect-emulator-3.4.16.exe","args":["--logtostderr","-v=2","dev","--listen=localhost:50001","--config_dir=c:\\Users\\EMP_26018\\Desktop\\Pj-files\\aungkokohein\\JLPT\\dataconnect","--enable_output_schema_extensions=true","--enable_output_generated_sdk=true"],"optionalArgs":["listen","config_dir","enable_output_schema_extensions","enable_output_generated_sdk"],"joinArgs":true,"shell":false,"port":9399} {"metadata":{"emulator":{"name":"dataconnect"},"message":"Starting SQL Connect Emulator with command {\"binary\":\"C:\\\\Users\\\\EMP_26018\\\\.cache\\\\firebase\\\\emulators\\\\dataconnect-emulator-3.4.16.exe\",\"args\":[\"--logtostderr\",\"-v=2\",\"dev\",\"--listen=localhost:50001\",\"--config_dir=c:\\\\Users\\\\EMP_26018\\\\Desktop\\\\Pj-files\\\\aungkokohein\\\\JLPT\\\\dataconnect\",\"--enable_output_schema_extensions=true\",\"--enable_output_generated_sdk=true\"],\"optionalArgs\":[\"listen\",\"config_dir\",\"enable_output_schema_extensions\",\"enable_output_generated_sdk\"],\"joinArgs\":true,\"shell\":false,\"port\":9399}"}}
[info] i  dataconnect: SQL Connect Emulator logging to dataconnect-debug.log {"metadata":{"emulator":{"name":"dataconnect"},"message":"SQL Connect Emulator logging to \u001b[1mdataconnect-debug.log\u001b[22m"}}
[debug] [2026-09-21T04:55:59.562Z] I0921 11:25:59.543113    4616 load.go:31] Reloading schema and connectors...
 {"metadata":{"emulator":{"name":"dataconnect"},"message":"I0921 11:25:59.543113    4616 load.go:31] Reloading schema and connectors...\n"}}
[debug] [2026-09-21T04:56:00.451Z] I0921 11:25:59.601749    4616 control.go:100] [projects/emulator/locations/emulator/services/jlpt 4806] UpdateResources(): done
Main schema: sources: schema\schema.gql [698B] 
Connector "example": sources: example\queries.gql [3300B] 
I0921 11:25:59.638159    4616 codegen.go:101] [connector "example" javascriptSdk] Generating sources into "c:\\Users\\EMP_26018\\Desktop\\Pj-files\\aungkokohein\\JLPT\\src\\dataconnect-generated"
I0921 11:25:59.675081    4616 collector.go:107] schema extensions wrote into "c:\\Users\\EMP_26018\\Desktop\\Pj-files\\aungkokohein\\JLPT\\dataconnect\\.dataconnect\\schema"
Generated sources: prelude.gql [84995B] main\input.gql [48329B] main\relation.gql [24155B] main\query.gql [8822B] main\mutation.gql [23864B] main\implicit.gql [3820B] 
I0921 11:25:59.719669    4616 collector.go:107] connector "example" javascriptSdk wrote into "c:\\Users\\EMP_26018\\Desktop\\Pj-files\\aungkokohein\\JLPT\\src\\dataconnect-generated"
Generated sources: react\README.md [108461B] index.d.ts [19849B] react\esm\index.esm.js [8145B] .guides/setup.md [1682B] esm\index.esm.js [13037B] react\index.d.ts [10353B] react\index.cjs.js [8606B] .guides/config.json [236B] esm\package.json [17B] react\package.json [460B] react\esm\package.json [17B] .guides/usage.md [4133B] index.cjs.js [14412B] package.json [853B] README.md [99747B] 
I0921 11:25:59.806740    4616 installsdk.go:55] Package @dataconnect/generated is already installed. Skipping installation
I0921 11:25:59.806740    4616 load.go:109] Finished reloading
I0921 11:25:59.838245    4616 dev.go:101] Listening on address (HTTP + gRPC): 127.0.0.1:50001
 {"metadata":{"emulator":{"name":"dataconnect"},"message":"I0921 11:25:59.601749    4616 control.go:100] [projects/emulator/locations/emulator/services/jlpt 4806] UpdateResources(): done\nMain schema: sources: schema\\schema.gql [698B] \nConnector \"example\": sources: example\\queries.gql [3300B] \nI0921 11:25:59.638159    4616 codegen.go:101] [connector \"example\" javascriptSdk] Generating sources into \"c:\\\\Users\\\\EMP_26018\\\\Desktop\\\\Pj-files\\\\aungkokohein\\\\JLPT\\\\src\\\\dataconnect-generated\"\nI0921 11:25:59.675081    4616 collector.go:107] schema extensions wrote into \"c:\\\\Users\\\\EMP_26018\\\\Desktop\\\\Pj-files\\\\aungkokohein\\\\JLPT\\\\dataconnect\\\\.dataconnect\\\\schema\"\nGenerated sources: prelude.gql [84995B] main\\input.gql [48329B] main\\relation.gql [24155B] main\\query.gql [8822B] main\\mutation.gql [23864B] main\\implicit.gql [3820B] \nI0921 11:25:59.719669    4616 collector.go:107] connector \"example\" javascriptSdk wrote into \"c:\\\\Users\\\\EMP_26018\\\\Desktop\\\\Pj-files\\\\aungkokohein\\\\JLPT\\\\src\\\\dataconnect-generated\"\nGenerated sources: react\\README.md [108461B] index.d.ts [19849B] react\\esm\\index.esm.js [8145B] .guides/setup.md [1682B] esm\\index.esm.js [13037B] react\\index.d.ts [10353B] react\\index.cjs.js [8606B] .guides/config.json [236B] esm\\package.json [17B] react\\package.json [460B] react\\esm\\package.json [17B] .guides/usage.md [4133B] index.cjs.js [14412B] package.json [853B] README.md [99747B] \nI0921 11:25:59.806740    4616 installsdk.go:55] Package @dataconnect/generated is already installed. Skipping installation\nI0921 11:25:59.806740    4616 load.go:109] Finished reloading\nI0921 11:25:59.838245    4616 dev.go:101] Listening on address (HTTP + gRPC): 127.0.0.1:50001\n"}}
[debug] [2026-09-21T04:56:01.776Z] I0921 11:26:01.529454    4616 engine.go:209] [projects/emulator/locations/emulator/services/jlpt 4806] ExecuteGraphqlRead query IntrospectionQuery: succeeded. 
 {"metadata":{"emulator":{"name":"dataconnect"},"message":"I0921 11:26:01.529454    4616 engine.go:209] [projects/emulator/locations/emulator/services/jlpt 4806] ExecuteGraphqlRead query IntrospectionQuery: succeeded. \n"}}
[debug] [2026-09-21T04:56:02.006Z] <<< [apiv2][status] POST https://www.googleapis.com/oauth2/v3/token 200
[debug] [2026-09-21T04:56:02.007Z] <<< [apiv2][body] POST https://www.googleapis.com/oauth2/v3/token [omitted]
[debug] [2026-09-21T04:56:02.065Z] [Firebase Plugin] User found:  austin.akkh.ag@gmail.com
[info] [Firebase Plugin] (Core:Project) New user detected, fetching projects
[debug] [2026-09-21T04:56:02.074Z] Checked if tokens are valid: true, expires at: 1789970161007
[debug] [2026-09-21T04:56:02.077Z] >>> [apiv2][query] GET https://firebase.googleapis.com/v1beta1/projects pageSize=1000
[debug] [2026-09-21T04:56:02.992Z] <<< [apiv2][status] GET https://firebase.googleapis.com/v1beta1/projects 200
[debug] [2026-09-21T04:56:02.993Z] <<< [apiv2][body] GET https://firebase.googleapis.com/v1beta1/projects [omitted]
[info] [Firebase Plugin] Stopping SQL Connect toolkit
[warn] !  SQL Connect Emulator has exited upon receiving signal: SIGINT 
[debug] [2026-09-21T04:56:37.219Z] [Firebase Plugin] Activating Firebase extension.
[debug] [2026-09-21T04:56:41.721Z] [Firebase Plugin] requireAuthWrapper
[debug] [2026-09-21T04:56:41.738Z] > command requires scopes: ["email","openid","https://www.googleapis.com/auth/cloudplatformprojects.readonly","https://www.googleapis.com/auth/firebase","https://www.googleapis.com/auth/cloud-platform"]
[debug] [2026-09-21T04:56:41.739Z] > authorizing via signed-in user (austin.akkh.ag@gmail.com)
[debug] [2026-09-21T04:56:41.745Z] Checked if tokens are valid: true, expires at: 1789970161007
[debug] [2026-09-21T04:56:41.746Z] Checked if tokens are valid: true, expires at: 1789970161007
[debug] [2026-09-21T04:56:41.746Z] [Firebase Plugin] User found:  austin.akkh.ag@gmail.com
[info] [Firebase Plugin] (Core:Project) New user detected, fetching projects
[debug] [2026-09-21T04:56:41.749Z] Checked if tokens are valid: true, expires at: 1789970161007
[debug] [2026-09-21T04:56:41.751Z] >>> [apiv2][query] GET https://firebase.googleapis.com/v1beta1/projects pageSize=1000
[debug] [2026-09-21T04:56:41.786Z] [Firebase Plugin] VSCode notification server listening on port 40001
[info] [Firebase Plugin] Starting SQL Connect toolkit (version 3.4.16) on port 50001
[debug] [2026-09-21T04:56:44.287Z] I0921 11:26:44.264536   17304 control.go:100] [projects/emulator/locations/emulator/services/jlpt 6cda] UpdateResources(): done
Main schema: sources: schema\schema.gql [698B] 
Connector "example": sources: example\queries.gql [3300B] 
 {"metadata":{"emulator":{"name":"dataconnect"},"message":"I0921 11:26:44.264536   17304 control.go:100] [projects/emulator/locations/emulator/services/jlpt 6cda] UpdateResources(): done\nMain schema: sources: schema\\schema.gql [698B] \nConnector \"example\": sources: example\\queries.gql [3300B] \n"}}
[debug] [2026-09-21T04:56:44.288Z] Ignoring unsupported arg: auto_download {"metadata":{"emulator":{"name":"dataconnect"},"message":"Ignoring unsupported arg: auto_download"}}
[debug] [2026-09-21T04:56:44.289Z] Ignoring unsupported arg: port {"metadata":{"emulator":{"name":"dataconnect"},"message":"Ignoring unsupported arg: port"}}
[debug] [2026-09-21T04:56:44.289Z] Starting SQL Connect Emulator with command {"binary":"C:\\Users\\EMP_26018\\.cache\\firebase\\emulators\\dataconnect-emulator-3.4.16.exe","args":["--logtostderr","-v=2","dev","--listen=localhost:50001","--config_dir=c:\\Users\\EMP_26018\\Desktop\\Pj-files\\aungkokohein\\JLPT\\dataconnect","--enable_output_schema_extensions=true","--enable_output_generated_sdk=true"],"optionalArgs":["listen","config_dir","enable_output_schema_extensions","enable_output_generated_sdk"],"joinArgs":true,"shell":false,"port":9399} {"metadata":{"emulator":{"name":"dataconnect"},"message":"Starting SQL Connect Emulator with command {\"binary\":\"C:\\\\Users\\\\EMP_26018\\\\.cache\\\\firebase\\\\emulators\\\\dataconnect-emulator-3.4.16.exe\",\"args\":[\"--logtostderr\",\"-v=2\",\"dev\",\"--listen=localhost:50001\",\"--config_dir=c:\\\\Users\\\\EMP_26018\\\\Desktop\\\\Pj-files\\\\aungkokohein\\\\JLPT\\\\dataconnect\",\"--enable_output_schema_extensions=true\",\"--enable_output_generated_sdk=true\"],\"optionalArgs\":[\"listen\",\"config_dir\",\"enable_output_schema_extensions\",\"enable_output_generated_sdk\"],\"joinArgs\":true,\"shell\":false,\"port\":9399}"}}
[info] i  dataconnect: SQL Connect Emulator logging to dataconnect-debug.log {"metadata":{"emulator":{"name":"dataconnect"},"message":"SQL Connect Emulator logging to \u001b[1mdataconnect-debug.log\u001b[22m"}}
[debug] [2026-09-21T04:56:45.172Z] I0921 11:26:44.376464   16248 load.go:31] Reloading schema and connectors...
I0921 11:26:44.409119   16248 control.go:100] [projects/emulator/locations/emulator/services/jlpt 5a70] UpdateResources(): done
Main schema: sources: schema\schema.gql [698B] 
Connector "example": sources: example\queries.gql [3300B] 
I0921 11:26:44.453585   16248 codegen.go:101] [connector "example" javascriptSdk] Generating sources into "c:\\Users\\EMP_26018\\Desktop\\Pj-files\\aungkokohein\\JLPT\\src\\dataconnect-generated"
I0921 11:26:44.494426   16248 collector.go:107] schema extensions wrote into "c:\\Users\\EMP_26018\\Desktop\\Pj-files\\aungkokohein\\JLPT\\dataconnect\\.dataconnect\\schema"
Generated sources: prelude.gql [84995B] main\mutation.gql [23864B] main\implicit.gql [3820B] main\input.gql [48329B] main\relation.gql [24155B] main\query.gql [8822B] 
I0921 11:26:44.519683   16248 collector.go:107] connector "example" javascriptSdk wrote into "c:\\Users\\EMP_26018\\Desktop\\Pj-files\\aungkokohein\\JLPT\\src\\dataconnect-generated"
Generated sources: .guides/usage.md [4133B] index.d.ts [19849B] esm\index.esm.js [13037B] package.json [853B] react\package.json [460B] react\esm\index.esm.js [8145B] README.md [99747B] react\README.md [108461B] .guides/config.json [236B] react\index.d.ts [10353B] react\esm\package.json [17B] react\index.cjs.js [8606B] esm\package.json [17B] index.cjs.js [14412B] .guides/setup.md [1682B] 
I0921 11:26:44.521716   16248 installsdk.go:55] Package @dataconnect/generated is already installed. Skipping installation
I0921 11:26:44.528909   16248 load.go:109] Finished reloading
I0921 11:26:44.622047   16248 dev.go:101] Listening on address (HTTP + gRPC): 127.0.0.1:50001
 {"metadata":{"emulator":{"name":"dataconnect"},"message":"I0921 11:26:44.376464   16248 load.go:31] Reloading schema and connectors...\nI0921 11:26:44.409119   16248 control.go:100] [projects/emulator/locations/emulator/services/jlpt 5a70] UpdateResources(): done\nMain schema: sources: schema\\schema.gql [698B] \nConnector \"example\": sources: example\\queries.gql [3300B] \nI0921 11:26:44.453585   16248 codegen.go:101] [connector \"example\" javascriptSdk] Generating sources into \"c:\\\\Users\\\\EMP_26018\\\\Desktop\\\\Pj-files\\\\aungkokohein\\\\JLPT\\\\src\\\\dataconnect-generated\"\nI0921 11:26:44.494426   16248 collector.go:107] schema extensions wrote into \"c:\\\\Users\\\\EMP_26018\\\\Desktop\\\\Pj-files\\\\aungkokohein\\\\JLPT\\\\dataconnect\\\\.dataconnect\\\\schema\"\nGenerated sources: prelude.gql [84995B] main\\mutation.gql [23864B] main\\implicit.gql [3820B] main\\input.gql [48329B] main\\relation.gql [24155B] main\\query.gql [8822B] \nI0921 11:26:44.519683   16248 collector.go:107] connector \"example\" javascriptSdk wrote into \"c:\\\\Users\\\\EMP_26018\\\\Desktop\\\\Pj-files\\\\aungkokohein\\\\JLPT\\\\src\\\\dataconnect-generated\"\nGenerated sources: .guides/usage.md [4133B] index.d.ts [19849B] esm\\index.esm.js [13037B] package.json [853B] react\\package.json [460B] react\\esm\\index.esm.js [8145B] README.md [99747B] react\\README.md [108461B] .guides/config.json [236B] react\\index.d.ts [10353B] react\\esm\\package.json [17B] react\\index.cjs.js [8606B] esm\\package.json [17B] index.cjs.js [14412B] .guides/setup.md [1682B] \nI0921 11:26:44.521716   16248 installsdk.go:55] Package @dataconnect/generated is already installed. Skipping installation\nI0921 11:26:44.528909   16248 load.go:109] Finished reloading\nI0921 11:26:44.622047   16248 dev.go:101] Listening on address (HTTP + gRPC): 127.0.0.1:50001\n"}}
[debug] [2026-09-21T04:56:46.588Z] I0921 11:26:46.241679   16248 engine.go:209] [projects/emulator/locations/emulator/services/jlpt 5a70] ExecuteGraphqlRead query IntrospectionQuery: succeeded. 
 {"metadata":{"emulator":{"name":"dataconnect"},"message":"I0921 11:26:46.241679   16248 engine.go:209] [projects/emulator/locations/emulator/services/jlpt 5a70] ExecuteGraphqlRead query IntrospectionQuery: succeeded. \n"}}
[debug] [2026-09-21T04:56:47.602Z] <<< [apiv2][status] GET https://firebase.googleapis.com/v1beta1/projects 200
[debug] [2026-09-21T04:56:47.602Z] <<< [apiv2][body] GET https://firebase.googleapis.com/v1beta1/projects [omitted]
[info] [Firebase Plugin] Stopping SQL Connect toolkit
[warn] !  SQL Connect Emulator has exited upon receiving signal: SIGINT 
[debug] [2026-09-21T05:22:55.978Z] [Firebase Plugin] Activating Firebase extension.
[debug] [2026-09-21T05:22:59.140Z] [Firebase Plugin] requireAuthWrapper
[debug] [2026-09-21T05:22:59.142Z] > command requires scopes: ["email","openid","https://www.googleapis.com/auth/cloudplatformprojects.readonly","https://www.googleapis.com/auth/firebase","https://www.googleapis.com/auth/cloud-platform"]
[debug] [2026-09-21T05:22:59.143Z] > authorizing via signed-in user (austin.akkh.ag@gmail.com)
[debug] [2026-09-21T05:22:59.146Z] Checked if tokens are valid: true, expires at: 1789970161007
[debug] [2026-09-21T05:22:59.147Z] Checked if tokens are valid: true, expires at: 1789970161007
[debug] [2026-09-21T05:22:59.147Z] [Firebase Plugin] User found:  austin.akkh.ag@gmail.com
[info] [Firebase Plugin] (Core:Project) New user detected, fetching projects
[debug] [2026-09-21T05:22:59.149Z] Checked if tokens are valid: true, expires at: 1789970161007
[debug] [2026-09-21T05:22:59.151Z] >>> [apiv2][query] GET https://firebase.googleapis.com/v1beta1/projects pageSize=1000
[debug] [2026-09-21T05:22:59.182Z] [Firebase Plugin] VSCode notification server listening on port 40001
[info] [Firebase Plugin] Starting SQL Connect toolkit (version 3.4.16) on port 50001
[debug] [2026-09-21T05:23:00.386Z] I0921 11:53:00.363813   17472 control.go:100] [projects/emulator/locations/emulator/services/jlpt 68cf] UpdateResources(): done
Main schema: sources: schema\schema.gql [698B] 
Connector "example": sources: example\queries.gql [3300B] 
 {"metadata":{"emulator":{"name":"dataconnect"},"message":"I0921 11:53:00.363813   17472 control.go:100] [projects/emulator/locations/emulator/services/jlpt 68cf] UpdateResources(): done\nMain schema: sources: schema\\schema.gql [698B] \nConnector \"example\": sources: example\\queries.gql [3300B] \n"}}
[debug] [2026-09-21T05:23:00.388Z] Ignoring unsupported arg: auto_download {"metadata":{"emulator":{"name":"dataconnect"},"message":"Ignoring unsupported arg: auto_download"}}
[debug] [2026-09-21T05:23:00.388Z] Ignoring unsupported arg: port {"metadata":{"emulator":{"name":"dataconnect"},"message":"Ignoring unsupported arg: port"}}
[debug] [2026-09-21T05:23:00.389Z] Starting SQL Connect Emulator with command {"binary":"C:\\Users\\EMP_26018\\.cache\\firebase\\emulators\\dataconnect-emulator-3.4.16.exe","args":["--logtostderr","-v=2","dev","--listen=localhost:50001","--config_dir=c:\\Users\\EMP_26018\\Desktop\\Pj-files\\aungkokohein\\JLPT\\dataconnect","--enable_output_schema_extensions=true","--enable_output_generated_sdk=true"],"optionalArgs":["listen","config_dir","enable_output_schema_extensions","enable_output_generated_sdk"],"joinArgs":true,"shell":false,"port":9399} {"metadata":{"emulator":{"name":"dataconnect"},"message":"Starting SQL Connect Emulator with command {\"binary\":\"C:\\\\Users\\\\EMP_26018\\\\.cache\\\\firebase\\\\emulators\\\\dataconnect-emulator-3.4.16.exe\",\"args\":[\"--logtostderr\",\"-v=2\",\"dev\",\"--listen=localhost:50001\",\"--config_dir=c:\\\\Users\\\\EMP_26018\\\\Desktop\\\\Pj-files\\\\aungkokohein\\\\JLPT\\\\dataconnect\",\"--enable_output_schema_extensions=true\",\"--enable_output_generated_sdk=true\"],\"optionalArgs\":[\"listen\",\"config_dir\",\"enable_output_schema_extensions\",\"enable_output_generated_sdk\"],\"joinArgs\":true,\"shell\":false,\"port\":9399}"}}
[info] i  dataconnect: SQL Connect Emulator logging to dataconnect-debug.log {"metadata":{"emulator":{"name":"dataconnect"},"message":"SQL Connect Emulator logging to \u001b[1mdataconnect-debug.log\u001b[22m"}}
[debug] [2026-09-21T05:23:00.526Z] I0921 11:53:00.452951   18204 load.go:31] Reloading schema and connectors...
I0921 11:53:00.489348   18204 control.go:100] [projects/emulator/locations/emulator/services/jlpt 9ecd] UpdateResources(): done
Main schema: sources: schema\schema.gql [698B] 
Connector "example": sources: example\queries.gql [3300B] 
 {"metadata":{"emulator":{"name":"dataconnect"},"message":"I0921 11:53:00.452951   18204 load.go:31] Reloading schema and connectors...\nI0921 11:53:00.489348   18204 control.go:100] [projects/emulator/locations/emulator/services/jlpt 9ecd] UpdateResources(): done\nMain schema: sources: schema\\schema.gql [698B] \nConnector \"example\": sources: example\\queries.gql [3300B] \n"}}
[debug] [2026-09-21T05:23:00.671Z] I0921 11:53:00.533938   18204 codegen.go:101] [connector "example" javascriptSdk] Generating sources into "c:\\Users\\EMP_26018\\Desktop\\Pj-files\\aungkokohein\\JLPT\\src\\dataconnect-generated"
I0921 11:53:00.570108   18204 collector.go:107] schema extensions wrote into "c:\\Users\\EMP_26018\\Desktop\\Pj-files\\aungkokohein\\JLPT\\dataconnect\\.dataconnect\\schema"
Generated sources: prelude.gql [84995B] main\implicit.gql [3820B] main\input.gql [48329B] main\relation.gql [24155B] main\query.gql [8822B] main\mutation.gql [23864B] 
I0921 11:53:00.585175   18204 collector.go:107] connector "example" javascriptSdk wrote into "c:\\Users\\EMP_26018\\Desktop\\Pj-files\\aungkokohein\\JLPT\\src\\dataconnect-generated"
Generated sources: package.json [853B] react\index.d.ts [10353B] react\esm\package.json [17B] react\esm\index.esm.js [8145B] esm\package.json [17B] index.cjs.js [14412B] .guides/config.json [236B] react\package.json [460B] react\index.cjs.js [8606B] react\README.md [108461B] .guides/usage.md [4133B] .guides/setup.md [1682B] index.d.ts [19849B] esm\index.esm.js [13037B] README.md [99747B] 
I0921 11:53:00.614881   18204 installsdk.go:55] Package @dataconnect/generated is already installed. Skipping installation
I0921 11:53:00.614881   18204 load.go:109] Finished reloading
 {"metadata":{"emulator":{"name":"dataconnect"},"message":"I0921 11:53:00.533938   18204 codegen.go:101] [connector \"example\" javascriptSdk] Generating sources into \"c:\\\\Users\\\\EMP_26018\\\\Desktop\\\\Pj-files\\\\aungkokohein\\\\JLPT\\\\src\\\\dataconnect-generated\"\nI0921 11:53:00.570108   18204 collector.go:107] schema extensions wrote into \"c:\\\\Users\\\\EMP_26018\\\\Desktop\\\\Pj-files\\\\aungkokohein\\\\JLPT\\\\dataconnect\\\\.dataconnect\\\\schema\"\nGenerated sources: prelude.gql [84995B] main\\implicit.gql [3820B] main\\input.gql [48329B] main\\relation.gql [24155B] main\\query.gql [8822B] main\\mutation.gql [23864B] \nI0921 11:53:00.585175   18204 collector.go:107] connector \"example\" javascriptSdk wrote into \"c:\\\\Users\\\\EMP_26018\\\\Desktop\\\\Pj-files\\\\aungkokohein\\\\JLPT\\\\src\\\\dataconnect-generated\"\nGenerated sources: package.json [853B] react\\index.d.ts [10353B] react\\esm\\package.json [17B] react\\esm\\index.esm.js [8145B] esm\\package.json [17B] index.cjs.js [14412B] .guides/config.json [236B] react\\package.json [460B] react\\index.cjs.js [8606B] react\\README.md [108461B] .guides/usage.md [4133B] .guides/setup.md [1682B] index.d.ts [19849B] esm\\index.esm.js [13037B] README.md [99747B] \nI0921 11:53:00.614881   18204 installsdk.go:55] Package @dataconnect/generated is already installed. Skipping installation\nI0921 11:53:00.614881   18204 load.go:109] Finished reloading\n"}}
[debug] [2026-09-21T05:23:00.783Z] I0921 11:53:00.731338   18204 dev.go:101] Listening on address (HTTP + gRPC): 127.0.0.1:50001
 {"metadata":{"emulator":{"name":"dataconnect"},"message":"I0921 11:53:00.731338   18204 dev.go:101] Listening on address (HTTP + gRPC): 127.0.0.1:50001\n"}}
[debug] [2026-09-21T05:23:01.141Z] I0921 11:53:01.077248   18204 engine.go:209] [projects/emulator/locations/emulator/services/jlpt 9ecd] ExecuteGraphqlRead query IntrospectionQuery: succeeded. 
 {"metadata":{"emulator":{"name":"dataconnect"},"message":"I0921 11:53:01.077248   18204 engine.go:209] [projects/emulator/locations/emulator/services/jlpt 9ecd] ExecuteGraphqlRead query IntrospectionQuery: succeeded. \n"}}
[debug] [2026-09-21T05:23:01.246Z] <<< [apiv2][status] GET https://firebase.googleapis.com/v1beta1/projects 200
[debug] [2026-09-21T05:23:01.246Z] <<< [apiv2][body] GET https://firebase.googleapis.com/v1beta1/projects [omitted]
[info] [Firebase Plugin] Stopping SQL Connect toolkit
[warn] !  SQL Connect Emulator has exited upon receiving signal: SIGINT 
[debug] [2026-09-22T01:40:00.985Z] [Firebase Plugin] Activating Firebase extension.
[debug] [2026-09-22T01:41:08.714Z] [Firebase Plugin] requireAuthWrapper
[debug] [2026-09-22T01:41:08.738Z] > command requires scopes: ["email","openid","https://www.googleapis.com/auth/cloudplatformprojects.readonly","https://www.googleapis.com/auth/firebase","https://www.googleapis.com/auth/cloud-platform"]
[debug] [2026-09-22T01:41:08.741Z] > authorizing via signed-in user (austin.akkh.ag@gmail.com)
[debug] [2026-09-22T01:41:08.749Z] Checked if tokens are valid: false, expires at: 1789970161007
[debug] [2026-09-22T01:41:08.750Z] Checked if tokens are valid: false, expires at: 1789970161007
[debug] [2026-09-22T01:41:08.751Z] > refreshing access token with scopes: []
[debug] [2026-09-22T01:41:08.758Z] >>> [apiv2][query] POST https://www.googleapis.com/oauth2/v3/token [none]
[debug] [2026-09-22T01:41:08.759Z] >>> [apiv2][body] POST https://www.googleapis.com/oauth2/v3/token [omitted]
[debug] [2026-09-22T01:41:08.806Z] [Firebase Plugin] VSCode notification server listening on port 40001
[info] [Firebase Plugin] Starting SQL Connect toolkit (version 3.4.16) on port 50001
[debug] [2026-09-22T01:41:10.809Z] I0922 08:11:10.779564   11728 control.go:100] [projects/emulator/locations/emulator/services/jlpt 70eb] UpdateResources(): done
Main schema: sources: schema\schema.gql [698B] 
Connector "example": sources: example\queries.gql [3300B] 
 {"metadata":{"emulator":{"name":"dataconnect"},"message":"I0922 08:11:10.779564   11728 control.go:100] [projects/emulator/locations/emulator/services/jlpt 70eb] UpdateResources(): done\nMain schema: sources: schema\\schema.gql [698B] \nConnector \"example\": sources: example\\queries.gql [3300B] \n"}}
[debug] [2026-09-22T01:41:10.811Z] Ignoring unsupported arg: auto_download {"metadata":{"emulator":{"name":"dataconnect"},"message":"Ignoring unsupported arg: auto_download"}}
[debug] [2026-09-22T01:41:10.812Z] Ignoring unsupported arg: port {"metadata":{"emulator":{"name":"dataconnect"},"message":"Ignoring unsupported arg: port"}}
[debug] [2026-09-22T01:41:10.812Z] Starting SQL Connect Emulator with command {"binary":"C:\\Users\\EMP_26018\\.cache\\firebase\\emulators\\dataconnect-emulator-3.4.16.exe","args":["--logtostderr","-v=2","dev","--listen=localhost:50001","--config_dir=c:\\Users\\EMP_26018\\Desktop\\Pj-files\\aungkokohein\\JLPT\\dataconnect","--enable_output_schema_extensions=true","--enable_output_generated_sdk=true"],"optionalArgs":["listen","config_dir","enable_output_schema_extensions","enable_output_generated_sdk"],"joinArgs":true,"shell":false,"port":9399} {"metadata":{"emulator":{"name":"dataconnect"},"message":"Starting SQL Connect Emulator with command {\"binary\":\"C:\\\\Users\\\\EMP_26018\\\\.cache\\\\firebase\\\\emulators\\\\dataconnect-emulator-3.4.16.exe\",\"args\":[\"--logtostderr\",\"-v=2\",\"dev\",\"--listen=localhost:50001\",\"--config_dir=c:\\\\Users\\\\EMP_26018\\\\Desktop\\\\Pj-files\\\\aungkokohein\\\\JLPT\\\\dataconnect\",\"--enable_output_schema_extensions=true\",\"--enable_output_generated_sdk=true\"],\"optionalArgs\":[\"listen\",\"config_dir\",\"enable_output_schema_extensions\",\"enable_output_generated_sdk\"],\"joinArgs\":true,\"shell\":false,\"port\":9399}"}}
[info] i  dataconnect: SQL Connect Emulator logging to dataconnect-debug.log {"metadata":{"emulator":{"name":"dataconnect"},"message":"SQL Connect Emulator logging to \u001b[1mdataconnect-debug.log\u001b[22m"}}
[debug] [2026-09-22T01:41:11.002Z] I0922 08:11:10.903514   12428 load.go:31] Reloading schema and connectors...
I0922 08:11:10.960894   12428 control.go:100] [projects/emulator/locations/emulator/services/jlpt 69e9] UpdateResources(): done
Main schema: sources: schema\schema.gql [698B] 
Connector "example": sources: example\queries.gql [3300B] 
 {"metadata":{"emulator":{"name":"dataconnect"},"message":"I0922 08:11:10.903514   12428 load.go:31] Reloading schema and connectors...\nI0922 08:11:10.960894   12428 control.go:100] [projects/emulator/locations/emulator/services/jlpt 69e9] UpdateResources(): done\nMain schema: sources: schema\\schema.gql [698B] \nConnector \"example\": sources: example\\queries.gql [3300B] \n"}}
[debug] [2026-09-22T01:41:11.150Z] I0922 08:11:11.025901   12428 codegen.go:101] [connector "example" javascriptSdk] Generating sources into "c:\\Users\\EMP_26018\\Desktop\\Pj-files\\aungkokohein\\JLPT\\src\\dataconnect-generated"
I0922 08:11:11.097394   12428 collector.go:107] schema extensions wrote into "c:\\Users\\EMP_26018\\Desktop\\Pj-files\\aungkokohein\\JLPT\\dataconnect\\.dataconnect\\schema"
Generated sources: prelude.gql [84995B] main\input.gql [48329B] main\relation.gql [24155B] main\query.gql [8822B] main\mutation.gql [23864B] main\implicit.gql [3820B] 
I0922 08:11:11.121769   12428 collector.go:107] connector "example" javascriptSdk wrote into "c:\\Users\\EMP_26018\\Desktop\\Pj-files\\aungkokohein\\JLPT\\src\\dataconnect-generated"
Generated sources: index.cjs.js [14412B] README.md [99747B] react\package.json [460B] esm\package.json [17B] react\esm\package.json [17B] react\esm\index.esm.js [8145B] react\README.md [108461B] .guides/config.json [236B] esm\index.esm.js [13037B] react\index.d.ts [10353B] index.d.ts [19849B] package.json [853B] react\index.cjs.js [8606B] .guides/usage.md [4133B] .guides/setup.md [1682B] 
 {"metadata":{"emulator":{"name":"dataconnect"},"message":"I0922 08:11:11.025901   12428 codegen.go:101] [connector \"example\" javascriptSdk] Generating sources into \"c:\\\\Users\\\\EMP_26018\\\\Desktop\\\\Pj-files\\\\aungkokohein\\\\JLPT\\\\src\\\\dataconnect-generated\"\nI0922 08:11:11.097394   12428 collector.go:107] schema extensions wrote into \"c:\\\\Users\\\\EMP_26018\\\\Desktop\\\\Pj-files\\\\aungkokohein\\\\JLPT\\\\dataconnect\\\\.dataconnect\\\\schema\"\nGenerated sources: prelude.gql [84995B] main\\input.gql [48329B] main\\relation.gql [24155B] main\\query.gql [8822B] main\\mutation.gql [23864B] main\\implicit.gql [3820B] \nI0922 08:11:11.121769   12428 collector.go:107] connector \"example\" javascriptSdk wrote into \"c:\\\\Users\\\\EMP_26018\\\\Desktop\\\\Pj-files\\\\aungkokohein\\\\JLPT\\\\src\\\\dataconnect-generated\"\nGenerated sources: index.cjs.js [14412B] README.md [99747B] react\\package.json [460B] esm\\package.json [17B] react\\esm\\package.json [17B] react\\esm\\index.esm.js [8145B] react\\README.md [108461B] .guides/config.json [236B] esm\\index.esm.js [13037B] react\\index.d.ts [10353B] index.d.ts [19849B] package.json [853B] react\\index.cjs.js [8606B] .guides/usage.md [4133B] .guides/setup.md [1682B] \n"}}
[debug] [2026-09-22T01:41:11.358Z] <<< [apiv2][status] POST https://www.googleapis.com/oauth2/v3/token 200
[debug] [2026-09-22T01:41:11.358Z] <<< [apiv2][body] POST https://www.googleapis.com/oauth2/v3/token [omitted]
[debug] [2026-09-22T01:41:11.404Z] [Firebase Plugin] User found:  austin.akkh.ag@gmail.com
[info] [Firebase Plugin] (Core:Project) New user detected, fetching projects
[debug] [2026-09-22T01:41:11.407Z] Checked if tokens are valid: true, expires at: 1790044870359
[debug] [2026-09-22T01:41:11.408Z] >>> [apiv2][query] GET https://firebase.googleapis.com/v1beta1/projects pageSize=1000
[debug] [2026-09-22T01:41:11.429Z] I0922 08:11:11.325511   12428 installsdk.go:55] Package @dataconnect/generated is already installed. Skipping installation
I0922 08:11:11.325511   12428 load.go:109] Finished reloading
I0922 08:11:11.377702   12428 dev.go:101] Listening on address (HTTP + gRPC): 127.0.0.1:50001
 {"metadata":{"emulator":{"name":"dataconnect"},"message":"I0922 08:11:11.325511   12428 installsdk.go:55] Package @dataconnect/generated is already installed. Skipping installation\nI0922 08:11:11.325511   12428 load.go:109] Finished reloading\nI0922 08:11:11.377702   12428 dev.go:101] Listening on address (HTTP + gRPC): 127.0.0.1:50001\n"}}
[debug] [2026-09-22T01:41:11.849Z] I0922 08:11:11.815728   12428 engine.go:209] [projects/emulator/locations/emulator/services/jlpt 69e9] ExecuteGraphqlRead query IntrospectionQuery: succeeded. 
 {"metadata":{"emulator":{"name":"dataconnect"},"message":"I0922 08:11:11.815728   12428 engine.go:209] [projects/emulator/locations/emulator/services/jlpt 69e9] ExecuteGraphqlRead query IntrospectionQuery: succeeded. \n"}}
[debug] [2026-09-22T01:41:12.512Z] <<< [apiv2][status] GET https://firebase.googleapis.com/v1beta1/projects 200
[debug] [2026-09-22T01:41:12.512Z] <<< [apiv2][body] GET https://firebase.googleapis.com/v1beta1/projects [omitted]
[info] [Firebase Plugin] Stopping SQL Connect toolkit
[warn] !  SQL Connect Emulator has exited upon receiving signal: SIGINT 
[debug] [2026-09-22T04:07:03.379Z] [Firebase Plugin] Activating Firebase extension.
[debug] [2026-09-22T04:07:29.785Z] [Firebase Plugin] requireAuthWrapper
[debug] [2026-09-22T04:07:29.799Z] > command requires scopes: ["email","openid","https://www.googleapis.com/auth/cloudplatformprojects.readonly","https://www.googleapis.com/auth/firebase","https://www.googleapis.com/auth/cloud-platform"]
[debug] [2026-09-22T04:07:29.800Z] > authorizing via signed-in user (austin.akkh.ag@gmail.com)
[debug] [2026-09-22T04:07:29.807Z] Checked if tokens are valid: false, expires at: 1790044870359
[debug] [2026-09-22T04:07:29.808Z] Checked if tokens are valid: false, expires at: 1790044870359
[debug] [2026-09-22T04:07:29.809Z] > refreshing access token with scopes: []
[debug] [2026-09-22T04:07:29.814Z] >>> [apiv2][query] POST https://www.googleapis.com/oauth2/v3/token [none]
[debug] [2026-09-22T04:07:29.814Z] >>> [apiv2][body] POST https://www.googleapis.com/oauth2/v3/token [omitted]
[debug] [2026-09-22T04:07:29.858Z] [Firebase Plugin] VSCode notification server listening on port 40001
[info] [Firebase Plugin] Starting SQL Connect toolkit (version 3.4.16) on port 50002
[debug] [2026-09-22T04:07:34.955Z] I0922 10:37:34.912313   17484 control.go:100] [projects/emulator/locations/emulator/services/jlpt a2dc] UpdateResources(): done
Main schema: sources: schema\schema.gql [698B] 
Connector "example": sources: example\queries.gql [3300B] 
 {"metadata":{"emulator":{"name":"dataconnect"},"message":"I0922 10:37:34.912313   17484 control.go:100] [projects/emulator/locations/emulator/services/jlpt a2dc] UpdateResources(): done\nMain schema: sources: schema\\schema.gql [698B] \nConnector \"example\": sources: example\\queries.gql [3300B] \n"}}
[debug] [2026-09-22T04:07:34.956Z] Ignoring unsupported arg: auto_download {"metadata":{"emulator":{"name":"dataconnect"},"message":"Ignoring unsupported arg: auto_download"}}
[debug] [2026-09-22T04:07:34.957Z] Ignoring unsupported arg: port {"metadata":{"emulator":{"name":"dataconnect"},"message":"Ignoring unsupported arg: port"}}
[debug] [2026-09-22T04:07:34.957Z] Starting SQL Connect Emulator with command {"binary":"C:\\Users\\EMP_26018\\.cache\\firebase\\emulators\\dataconnect-emulator-3.4.16.exe","args":["--logtostderr","-v=2","dev","--listen=localhost:50002","--config_dir=c:\\Users\\EMP_26018\\Desktop\\Pj-files\\aungkokohein\\JLPT\\dataconnect","--enable_output_schema_extensions=true","--enable_output_generated_sdk=true"],"optionalArgs":["listen","config_dir","enable_output_schema_extensions","enable_output_generated_sdk"],"joinArgs":true,"shell":false,"port":9399} {"metadata":{"emulator":{"name":"dataconnect"},"message":"Starting SQL Connect Emulator with command {\"binary\":\"C:\\\\Users\\\\EMP_26018\\\\.cache\\\\firebase\\\\emulators\\\\dataconnect-emulator-3.4.16.exe\",\"args\":[\"--logtostderr\",\"-v=2\",\"dev\",\"--listen=localhost:50002\",\"--config_dir=c:\\\\Users\\\\EMP_26018\\\\Desktop\\\\Pj-files\\\\aungkokohein\\\\JLPT\\\\dataconnect\",\"--enable_output_schema_extensions=true\",\"--enable_output_generated_sdk=true\"],\"optionalArgs\":[\"listen\",\"config_dir\",\"enable_output_schema_extensions\",\"enable_output_generated_sdk\"],\"joinArgs\":true,\"shell\":false,\"port\":9399}"}}
[info] i  dataconnect: SQL Connect Emulator logging to dataconnect-debug.log {"metadata":{"emulator":{"name":"dataconnect"},"message":"SQL Connect Emulator logging to \u001b[1mdataconnect-debug.log\u001b[22m"}}
[debug] [2026-09-22T04:07:35.114Z] I0922 10:37:35.039593    6668 load.go:31] Reloading schema and connectors...
 {"metadata":{"emulator":{"name":"dataconnect"},"message":"I0922 10:37:35.039593    6668 load.go:31] Reloading schema and connectors...\n"}}
[debug] [2026-09-22T04:07:37.070Z] I0922 10:37:35.129938    6668 control.go:100] [projects/emulator/locations/emulator/services/jlpt 81a4] UpdateResources(): done
Main schema: sources: schema\schema.gql [698B] 
Connector "example": sources: example\queries.gql [3300B] 
I0922 10:37:35.248961    6668 codegen.go:101] [connector "example" javascriptSdk] Generating sources into "c:\\Users\\EMP_26018\\Desktop\\Pj-files\\aungkokohein\\JLPT\\src\\dataconnect-generated"
I0922 10:37:35.335988    6668 collector.go:107] schema extensions wrote into "c:\\Users\\EMP_26018\\Desktop\\Pj-files\\aungkokohein\\JLPT\\dataconnect\\.dataconnect\\schema"
Generated sources: prelude.gql [84995B] main\input.gql [48329B] main\relation.gql [24155B] main\query.gql [8822B] main\mutation.gql [23864B] main\implicit.gql [3820B] 
I0922 10:37:35.355846    6668 collector.go:107] connector "example" javascriptSdk wrote into "c:\\Users\\EMP_26018\\Desktop\\Pj-files\\aungkokohein\\JLPT\\src\\dataconnect-generated"
Generated sources: esm\package.json [17B] react\esm\package.json [17B] package.json [853B] react\package.json [460B] react\index.cjs.js [8606B] react\README.md [108461B] .guides/config.json [236B] index.cjs.js [14412B] README.md [99747B] .guides/usage.md [4133B] react\index.d.ts [10353B] react\esm\index.esm.js [8145B] .guides/setup.md [1682B] index.d.ts [19849B] esm\index.esm.js [13037B] 
I0922 10:37:35.617927    6668 installsdk.go:55] Package @dataconnect/generated is already installed. Skipping installation
I0922 10:37:35.619564    6668 load.go:109] Finished reloading
I0922 10:37:35.739448    6668 dev.go:101] Listening on address (HTTP + gRPC): 127.0.0.1:50002
 {"metadata":{"emulator":{"name":"dataconnect"},"message":"I0922 10:37:35.129938    6668 control.go:100] [projects/emulator/locations/emulator/services/jlpt 81a4] UpdateResources(): done\nMain schema: sources: schema\\schema.gql [698B] \nConnector \"example\": sources: example\\queries.gql [3300B] \nI0922 10:37:35.248961    6668 codegen.go:101] [connector \"example\" javascriptSdk] Generating sources into \"c:\\\\Users\\\\EMP_26018\\\\Desktop\\\\Pj-files\\\\aungkokohein\\\\JLPT\\\\src\\\\dataconnect-generated\"\nI0922 10:37:35.335988    6668 collector.go:107] schema extensions wrote into \"c:\\\\Users\\\\EMP_26018\\\\Desktop\\\\Pj-files\\\\aungkokohein\\\\JLPT\\\\dataconnect\\\\.dataconnect\\\\schema\"\nGenerated sources: prelude.gql [84995B] main\\input.gql [48329B] main\\relation.gql [24155B] main\\query.gql [8822B] main\\mutation.gql [23864B] main\\implicit.gql [3820B] \nI0922 10:37:35.355846    6668 collector.go:107] connector \"example\" javascriptSdk wrote into \"c:\\\\Users\\\\EMP_26018\\\\Desktop\\\\Pj-files\\\\aungkokohein\\\\JLPT\\\\src\\\\dataconnect-generated\"\nGenerated sources: esm\\package.json [17B] react\\esm\\package.json [17B] package.json [853B] react\\package.json [460B] react\\index.cjs.js [8606B] react\\README.md [108461B] .guides/config.json [236B] index.cjs.js [14412B] README.md [99747B] .guides/usage.md [4133B] react\\index.d.ts [10353B] react\\esm\\index.esm.js [8145B] .guides/setup.md [1682B] index.d.ts [19849B] esm\\index.esm.js [13037B] \nI0922 10:37:35.617927    6668 installsdk.go:55] Package @dataconnect/generated is already installed. Skipping installation\nI0922 10:37:35.619564    6668 load.go:109] Finished reloading\nI0922 10:37:35.739448    6668 dev.go:101] Listening on address (HTTP + gRPC): 127.0.0.1:50002\n"}}
[debug] [2026-09-22T04:07:39.782Z] I0922 10:37:39.739162    6668 engine.go:209] [projects/emulator/locations/emulator/services/jlpt 81a4] ExecuteGraphqlRead query IntrospectionQuery: succeeded. 
 {"metadata":{"emulator":{"name":"dataconnect"},"message":"I0922 10:37:39.739162    6668 engine.go:209] [projects/emulator/locations/emulator/services/jlpt 81a4] ExecuteGraphqlRead query IntrospectionQuery: succeeded. \n"}}
[debug] [2026-09-22T04:07:40.099Z] <<< [apiv2][status] POST https://www.googleapis.com/oauth2/v3/token 200
[debug] [2026-09-22T04:07:40.102Z] <<< [apiv2][body] POST https://www.googleapis.com/oauth2/v3/token [omitted]
[debug] [2026-09-22T04:07:40.162Z] [Firebase Plugin] User found:  austin.akkh.ag@gmail.com
[info] [Firebase Plugin] (Core:Project) New user detected, fetching projects
[debug] [2026-09-22T04:07:40.170Z] Checked if tokens are valid: true, expires at: 1790053659103
[debug] [2026-09-22T04:07:40.178Z] >>> [apiv2][query] GET https://firebase.googleapis.com/v1beta1/projects pageSize=1000
[debug] [2026-09-22T04:07:41.176Z] <<< [apiv2][status] GET https://firebase.googleapis.com/v1beta1/projects 200
[debug] [2026-09-22T04:07:41.177Z] <<< [apiv2][body] GET https://firebase.googleapis.com/v1beta1/projects [omitted]
[info] [Firebase Plugin] Stopping SQL Connect toolkit
[warn] !  SQL Connect Emulator has exited upon receiving signal: SIGINT 
[debug] [2026-09-23T02:09:51.242Z] [Firebase Plugin] Activating Firebase extension.
[debug] [2026-09-23T02:10:36.266Z] [Firebase Plugin] requireAuthWrapper
[debug] [2026-09-23T02:10:36.272Z] > command requires scopes: ["email","openid","https://www.googleapis.com/auth/cloudplatformprojects.readonly","https://www.googleapis.com/auth/firebase","https://www.googleapis.com/auth/cloud-platform"]
[debug] [2026-09-23T02:10:36.273Z] > authorizing via signed-in user (austin.akkh.ag@gmail.com)
[debug] [2026-09-23T02:10:36.283Z] Checked if tokens are valid: false, expires at: 1790053659103
[debug] [2026-09-23T02:10:36.285Z] Checked if tokens are valid: false, expires at: 1790053659103
[debug] [2026-09-23T02:10:36.286Z] > refreshing access token with scopes: []
[debug] [2026-09-23T02:10:36.292Z] >>> [apiv2][query] POST https://www.googleapis.com/oauth2/v3/token [none]
[debug] [2026-09-23T02:10:36.293Z] >>> [apiv2][body] POST https://www.googleapis.com/oauth2/v3/token [omitted]
[debug] [2026-09-23T02:10:36.341Z] [Firebase Plugin] VSCode notification server listening on port 40001
[info] [Firebase Plugin] Starting SQL Connect toolkit (version 3.4.16) on port 50001
[debug] [2026-09-23T02:10:38.438Z] I0923 08:40:38.406301   12128 control.go:100] [projects/emulator/locations/emulator/services/jlpt b3ae] UpdateResources(): done
Main schema: sources: schema\schema.gql [698B] 
Connector "example": sources: example\queries.gql [3300B] 
 {"metadata":{"emulator":{"name":"dataconnect"},"message":"I0923 08:40:38.406301   12128 control.go:100] [projects/emulator/locations/emulator/services/jlpt b3ae] UpdateResources(): done\nMain schema: sources: schema\\schema.gql [698B] \nConnector \"example\": sources: example\\queries.gql [3300B] \n"}}
[debug] [2026-09-23T02:10:38.441Z] Ignoring unsupported arg: auto_download {"metadata":{"emulator":{"name":"dataconnect"},"message":"Ignoring unsupported arg: auto_download"}}
[debug] [2026-09-23T02:10:38.441Z] Ignoring unsupported arg: port {"metadata":{"emulator":{"name":"dataconnect"},"message":"Ignoring unsupported arg: port"}}
[debug] [2026-09-23T02:10:38.442Z] Starting SQL Connect Emulator with command {"binary":"C:\\Users\\EMP_26018\\.cache\\firebase\\emulators\\dataconnect-emulator-3.4.16.exe","args":["--logtostderr","-v=2","dev","--listen=localhost:50001","--config_dir=c:\\Users\\EMP_26018\\Desktop\\Pj-files\\aungkokohein\\JLPT\\dataconnect","--enable_output_schema_extensions=true","--enable_output_generated_sdk=true"],"optionalArgs":["listen","config_dir","enable_output_schema_extensions","enable_output_generated_sdk"],"joinArgs":true,"shell":false,"port":9399} {"metadata":{"emulator":{"name":"dataconnect"},"message":"Starting SQL Connect Emulator with command {\"binary\":\"C:\\\\Users\\\\EMP_26018\\\\.cache\\\\firebase\\\\emulators\\\\dataconnect-emulator-3.4.16.exe\",\"args\":[\"--logtostderr\",\"-v=2\",\"dev\",\"--listen=localhost:50001\",\"--config_dir=c:\\\\Users\\\\EMP_26018\\\\Desktop\\\\Pj-files\\\\aungkokohein\\\\JLPT\\\\dataconnect\",\"--enable_output_schema_extensions=true\",\"--enable_output_generated_sdk=true\"],\"optionalArgs\":[\"listen\",\"config_dir\",\"enable_output_schema_extensions\",\"enable_output_generated_sdk\"],\"joinArgs\":true,\"shell\":false,\"port\":9399}"}}
[info] i  dataconnect: SQL Connect Emulator logging to dataconnect-debug.log {"metadata":{"emulator":{"name":"dataconnect"},"message":"SQL Connect Emulator logging to \u001b[1mdataconnect-debug.log\u001b[22m"}}
[debug] [2026-09-23T02:10:38.650Z] I0923 08:40:38.532859   12992 load.go:31] Reloading schema and connectors...
I0923 08:40:38.580036   12992 control.go:100] [projects/emulator/locations/emulator/services/jlpt 6810] UpdateResources(): done
Main schema: sources: schema\schema.gql [698B] 
Connector "example": sources: example\queries.gql [3300B] 
I0923 08:40:38.636123   12992 codegen.go:101] [connector "example" javascriptSdk] Generating sources into "c:\\Users\\EMP_26018\\Desktop\\Pj-files\\aungkokohein\\JLPT\\src\\dataconnect-generated"
 {"metadata":{"emulator":{"name":"dataconnect"},"message":"I0923 08:40:38.532859   12992 load.go:31] Reloading schema and connectors...\nI0923 08:40:38.580036   12992 control.go:100] [projects/emulator/locations/emulator/services/jlpt 6810] UpdateResources(): done\nMain schema: sources: schema\\schema.gql [698B] \nConnector \"example\": sources: example\\queries.gql [3300B] \nI0923 08:40:38.636123   12992 codegen.go:101] [connector \"example\" javascriptSdk] Generating sources into \"c:\\\\Users\\\\EMP_26018\\\\Desktop\\\\Pj-files\\\\aungkokohein\\\\JLPT\\\\src\\\\dataconnect-generated\"\n"}}
[debug] [2026-09-23T02:10:38.966Z] I0923 08:40:38.735514   12992 collector.go:107] schema extensions wrote into "c:\\Users\\EMP_26018\\Desktop\\Pj-files\\aungkokohein\\JLPT\\dataconnect\\.dataconnect\\schema"
Generated sources: prelude.gql [84995B] main\query.gql [8822B] main\mutation.gql [23864B] main\implicit.gql [3820B] main\input.gql [48329B] main\relation.gql [24155B] 
I0923 08:40:38.820869   12992 collector.go:107] connector "example" javascriptSdk wrote into "c:\\Users\\EMP_26018\\Desktop\\Pj-files\\aungkokohein\\JLPT\\src\\dataconnect-generated"
Generated sources: esm\package.json [17B] package.json [853B] react\index.cjs.js [8606B] .guides/setup.md [1682B] .guides/config.json [236B] react\index.d.ts [10353B] react\esm\package.json [17B] react\esm\index.esm.js [8145B] esm\index.esm.js [13037B] react\package.json [460B] react\README.md [108461B] index.d.ts [19849B] index.cjs.js [14412B] README.md [99747B] .guides/usage.md [4133B] 
 {"metadata":{"emulator":{"name":"dataconnect"},"message":"I0923 08:40:38.735514   12992 collector.go:107] schema extensions wrote into \"c:\\\\Users\\\\EMP_26018\\\\Desktop\\\\Pj-files\\\\aungkokohein\\\\JLPT\\\\dataconnect\\\\.dataconnect\\\\schema\"\nGenerated sources: prelude.gql [84995B] main\\query.gql [8822B] main\\mutation.gql [23864B] main\\implicit.gql [3820B] main\\input.gql [48329B] main\\relation.gql [24155B] \nI0923 08:40:38.820869   12992 collector.go:107] connector \"example\" javascriptSdk wrote into \"c:\\\\Users\\\\EMP_26018\\\\Desktop\\\\Pj-files\\\\aungkokohein\\\\JLPT\\\\src\\\\dataconnect-generated\"\nGenerated sources: esm\\package.json [17B] package.json [853B] react\\index.cjs.js [8606B] .guides/setup.md [1682B] .guides/config.json [236B] react\\index.d.ts [10353B] react\\esm\\package.json [17B] react\\esm\\index.esm.js [8145B] esm\\index.esm.js [13037B] react\\package.json [460B] react\\README.md [108461B] index.d.ts [19849B] index.cjs.js [14412B] README.md [99747B] .guides/usage.md [4133B] \n"}}
[debug] [2026-09-23T02:10:39.059Z] I0923 08:40:39.002011   12992 installsdk.go:55] Package @dataconnect/generated is already installed. Skipping installation
I0923 08:40:39.002011   12992 load.go:109] Finished reloading
I0923 08:40:39.061252   12992 dev.go:101] Listening on address (HTTP + gRPC): 127.0.0.1:50001
 {"metadata":{"emulator":{"name":"dataconnect"},"message":"I0923 08:40:39.002011   12992 installsdk.go:55] Package @dataconnect/generated is already installed. Skipping installation\nI0923 08:40:39.002011   12992 load.go:109] Finished reloading\nI0923 08:40:39.061252   12992 dev.go:101] Listening on address (HTTP + gRPC): 127.0.0.1:50001\n"}}
[debug] [2026-09-23T02:10:39.088Z] <<< [apiv2][status] POST https://www.googleapis.com/oauth2/v3/token 200
[debug] [2026-09-23T02:10:39.088Z] <<< [apiv2][body] POST https://www.googleapis.com/oauth2/v3/token [omitted]
[debug] [2026-09-23T02:10:39.152Z] [Firebase Plugin] User found:  austin.akkh.ag@gmail.com
[info] [Firebase Plugin] (Core:Project) New user detected, fetching projects
[debug] [2026-09-23T02:10:39.159Z] Checked if tokens are valid: true, expires at: 1790133038091
[debug] [2026-09-23T02:10:39.162Z] >>> [apiv2][query] GET https://firebase.googleapis.com/v1beta1/projects pageSize=1000
[debug] [2026-09-23T02:10:39.566Z] I0923 08:40:39.521004   12992 engine.go:209] [projects/emulator/locations/emulator/services/jlpt 6810] ExecuteGraphqlRead query IntrospectionQuery: succeeded. 
 {"metadata":{"emulator":{"name":"dataconnect"},"message":"I0923 08:40:39.521004   12992 engine.go:209] [projects/emulator/locations/emulator/services/jlpt 6810] ExecuteGraphqlRead query IntrospectionQuery: succeeded. \n"}}
[debug] [2026-09-23T02:10:39.997Z] <<< [apiv2][status] GET https://firebase.googleapis.com/v1beta1/projects 200
[debug] [2026-09-23T02:10:39.998Z] <<< [apiv2][body] GET https://firebase.googleapis.com/v1beta1/projects [omitted]
[info] [Firebase Plugin] Stopping SQL Connect toolkit
[warn] !  SQL Connect Emulator has exited upon receiving signal: SIGINT 
[debug] [2026-09-23T04:28:41.148Z] [Firebase Plugin] Activating Firebase extension.
[debug] [2026-09-23T04:29:21.579Z] [Firebase Plugin] requireAuthWrapper
[debug] [2026-09-23T04:29:21.583Z] > command requires scopes: ["email","openid","https://www.googleapis.com/auth/cloudplatformprojects.readonly","https://www.googleapis.com/auth/firebase","https://www.googleapis.com/auth/cloud-platform"]
[debug] [2026-09-23T04:29:21.584Z] > authorizing via signed-in user (austin.akkh.ag@gmail.com)
[debug] [2026-09-23T04:29:21.590Z] Checked if tokens are valid: false, expires at: 1790133038091
[debug] [2026-09-23T04:29:21.590Z] Checked if tokens are valid: false, expires at: 1790133038091
[debug] [2026-09-23T04:29:21.591Z] > refreshing access token with scopes: []
[debug] [2026-09-23T04:29:21.595Z] >>> [apiv2][query] POST https://www.googleapis.com/oauth2/v3/token [none]
[debug] [2026-09-23T04:29:21.596Z] >>> [apiv2][body] POST https://www.googleapis.com/oauth2/v3/token [omitted]
[debug] [2026-09-23T04:29:21.629Z] [Firebase Plugin] VSCode notification server listening on port 40001
[info] [Firebase Plugin] Starting SQL Connect toolkit (version 3.4.16) on port 50001
[debug] [2026-09-23T04:29:22.849Z] I0923 10:59:22.830444    7484 control.go:100] [projects/emulator/locations/emulator/services/jlpt a085] UpdateResources(): done
Main schema: sources: schema\schema.gql [698B] 
Connector "example": sources: example\queries.gql [3300B] 
 {"metadata":{"emulator":{"name":"dataconnect"},"message":"I0923 10:59:22.830444    7484 control.go:100] [projects/emulator/locations/emulator/services/jlpt a085] UpdateResources(): done\nMain schema: sources: schema\\schema.gql [698B] \nConnector \"example\": sources: example\\queries.gql [3300B] \n"}}
[debug] [2026-09-23T04:29:22.850Z] Ignoring unsupported arg: auto_download {"metadata":{"emulator":{"name":"dataconnect"},"message":"Ignoring unsupported arg: auto_download"}}
[debug] [2026-09-23T04:29:22.850Z] Ignoring unsupported arg: port {"metadata":{"emulator":{"name":"dataconnect"},"message":"Ignoring unsupported arg: port"}}
[debug] [2026-09-23T04:29:22.851Z] Starting SQL Connect Emulator with command {"binary":"C:\\Users\\EMP_26018\\.cache\\firebase\\emulators\\dataconnect-emulator-3.4.16.exe","args":["--logtostderr","-v=2","dev","--listen=localhost:50001","--config_dir=c:\\Users\\EMP_26018\\Desktop\\Pj-files\\aungkokohein\\JLPT\\dataconnect","--enable_output_schema_extensions=true","--enable_output_generated_sdk=true"],"optionalArgs":["listen","config_dir","enable_output_schema_extensions","enable_output_generated_sdk"],"joinArgs":true,"shell":false,"port":9399} {"metadata":{"emulator":{"name":"dataconnect"},"message":"Starting SQL Connect Emulator with command {\"binary\":\"C:\\\\Users\\\\EMP_26018\\\\.cache\\\\firebase\\\\emulators\\\\dataconnect-emulator-3.4.16.exe\",\"args\":[\"--logtostderr\",\"-v=2\",\"dev\",\"--listen=localhost:50001\",\"--config_dir=c:\\\\Users\\\\EMP_26018\\\\Desktop\\\\Pj-files\\\\aungkokohein\\\\JLPT\\\\dataconnect\",\"--enable_output_schema_extensions=true\",\"--enable_output_generated_sdk=true\"],\"optionalArgs\":[\"listen\",\"config_dir\",\"enable_output_schema_extensions\",\"enable_output_generated_sdk\"],\"joinArgs\":true,\"shell\":false,\"port\":9399}"}}
[info] i  dataconnect: SQL Connect Emulator logging to dataconnect-debug.log {"metadata":{"emulator":{"name":"dataconnect"},"message":"SQL Connect Emulator logging to \u001b[1mdataconnect-debug.log\u001b[22m"}}
[debug] [2026-09-23T04:29:22.996Z] I0923 10:59:22.898289    8844 load.go:31] Reloading schema and connectors...
I0923 10:59:22.921187    8844 control.go:100] [projects/emulator/locations/emulator/services/jlpt e555] UpdateResources(): done
Main schema: sources: schema\schema.gql [698B] 
Connector "example": sources: example\queries.gql [3300B] 
I0923 10:59:22.961525    8844 codegen.go:101] [connector "example" javascriptSdk] Generating sources into "c:\\Users\\EMP_26018\\Desktop\\Pj-files\\aungkokohein\\JLPT\\src\\dataconnect-generated"
 {"metadata":{"emulator":{"name":"dataconnect"},"message":"I0923 10:59:22.898289    8844 load.go:31] Reloading schema and connectors...\nI0923 10:59:22.921187    8844 control.go:100] [projects/emulator/locations/emulator/services/jlpt e555] UpdateResources(): done\nMain schema: sources: schema\\schema.gql [698B] \nConnector \"example\": sources: example\\queries.gql [3300B] \nI0923 10:59:22.961525    8844 codegen.go:101] [connector \"example\" javascriptSdk] Generating sources into \"c:\\\\Users\\\\EMP_26018\\\\Desktop\\\\Pj-files\\\\aungkokohein\\\\JLPT\\\\src\\\\dataconnect-generated\"\n"}}
[debug] [2026-09-23T04:29:23.244Z] I0923 10:59:23.002283    8844 collector.go:107] schema extensions wrote into "c:\\Users\\EMP_26018\\Desktop\\Pj-files\\aungkokohein\\JLPT\\dataconnect\\.dataconnect\\schema"
Generated sources: main\implicit.gql [3820B] main\input.gql [48329B] main\relation.gql [24155B] main\query.gql [8822B] main\mutation.gql [23864B] prelude.gql [84995B] 
I0923 10:59:23.018911    8844 collector.go:107] connector "example" javascriptSdk wrote into "c:\\Users\\EMP_26018\\Desktop\\Pj-files\\aungkokohein\\JLPT\\src\\dataconnect-generated"
Generated sources: index.cjs.js [14412B] react\package.json [460B] react\esm\package.json [17B] react\index.cjs.js [8606B] react\index.d.ts [10353B] .guides/config.json [236B] README.md [99747B] react\README.md [108461B] .guides/usage.md [4133B] index.d.ts [19849B] esm\index.esm.js [13037B] esm\package.json [17B] package.json [853B] react\esm\index.esm.js [8145B] .guides/setup.md [1682B] 
I0923 10:59:23.066595    8844 installsdk.go:55] Package @dataconnect/generated is already installed. Skipping installation
I0923 10:59:23.066595    8844 load.go:109] Finished reloading
I0923 10:59:23.184723    8844 dev.go:101] Listening on address (HTTP + gRPC): 127.0.0.1:50001
 {"metadata":{"emulator":{"name":"dataconnect"},"message":"I0923 10:59:23.002283    8844 collector.go:107] schema extensions wrote into \"c:\\\\Users\\\\EMP_26018\\\\Desktop\\\\Pj-files\\\\aungkokohein\\\\JLPT\\\\dataconnect\\\\.dataconnect\\\\schema\"\nGenerated sources: main\\implicit.gql [3820B] main\\input.gql [48329B] main\\relation.gql [24155B] main\\query.gql [8822B] main\\mutation.gql [23864B] prelude.gql [84995B] \nI0923 10:59:23.018911    8844 collector.go:107] connector \"example\" javascriptSdk wrote into \"c:\\\\Users\\\\EMP_26018\\\\Desktop\\\\Pj-files\\\\aungkokohein\\\\JLPT\\\\src\\\\dataconnect-generated\"\nGenerated sources: index.cjs.js [14412B] react\\package.json [460B] react\\esm\\package.json [17B] react\\index.cjs.js [8606B] react\\index.d.ts [10353B] .guides/config.json [236B] README.md [99747B] react\\README.md [108461B] .guides/usage.md [4133B] index.d.ts [19849B] esm\\index.esm.js [13037B] esm\\package.json [17B] package.json [853B] react\\esm\\index.esm.js [8145B] .guides/setup.md [1682B] \nI0923 10:59:23.066595    8844 installsdk.go:55] Package @dataconnect/generated is already installed. Skipping installation\nI0923 10:59:23.066595    8844 load.go:109] Finished reloading\nI0923 10:59:23.184723    8844 dev.go:101] Listening on address (HTTP + gRPC): 127.0.0.1:50001\n"}}
[debug] [2026-09-23T04:29:23.516Z] <<< [apiv2][status] POST https://www.googleapis.com/oauth2/v3/token 200
[debug] [2026-09-23T04:29:23.517Z] <<< [apiv2][body] POST https://www.googleapis.com/oauth2/v3/token [omitted]
[debug] [2026-09-23T04:29:23.547Z] [Firebase Plugin] User found:  austin.akkh.ag@gmail.com
[info] [Firebase Plugin] (Core:Project) New user detected, fetching projects
[debug] [2026-09-23T04:29:23.551Z] Checked if tokens are valid: true, expires at: 1790141362518
[debug] [2026-09-23T04:29:23.552Z] >>> [apiv2][query] GET https://firebase.googleapis.com/v1beta1/projects pageSize=1000
[debug] [2026-09-23T04:29:23.824Z] I0923 10:59:23.819638    8844 engine.go:209] [projects/emulator/locations/emulator/services/jlpt e555] ExecuteGraphqlRead query IntrospectionQuery: succeeded. 
 {"metadata":{"emulator":{"name":"dataconnect"},"message":"I0923 10:59:23.819638    8844 engine.go:209] [projects/emulator/locations/emulator/services/jlpt e555] ExecuteGraphqlRead query IntrospectionQuery: succeeded. \n"}}
[debug] [2026-09-23T04:29:25.310Z] <<< [apiv2][status] GET https://firebase.googleapis.com/v1beta1/projects 200
[debug] [2026-09-23T04:29:25.311Z] <<< [apiv2][body] GET https://firebase.googleapis.com/v1beta1/projects [omitted]
[info] [Firebase Plugin] Stopping SQL Connect toolkit
[warn] !  SQL Connect Emulator has exited upon receiving signal: SIGINT 
[debug] [2026-09-23T05:25:46.392Z] [Firebase Plugin] Activating Firebase extension.
[debug] [2026-09-23T05:25:54.725Z] [Firebase Plugin] requireAuthWrapper
[debug] [2026-09-23T05:25:54.739Z] > command requires scopes: ["email","openid","https://www.googleapis.com/auth/cloudplatformprojects.readonly","https://www.googleapis.com/auth/firebase","https://www.googleapis.com/auth/cloud-platform"]
[debug] [2026-09-23T05:25:54.739Z] > authorizing via signed-in user (austin.akkh.ag@gmail.com)
[debug] [2026-09-23T05:25:54.744Z] Checked if tokens are valid: false, expires at: 1790141362518
[debug] [2026-09-23T05:25:54.745Z] Checked if tokens are valid: false, expires at: 1790141362518
[debug] [2026-09-23T05:25:54.746Z] > refreshing access token with scopes: []
[debug] [2026-09-23T05:25:54.751Z] >>> [apiv2][query] POST https://www.googleapis.com/oauth2/v3/token [none]
[debug] [2026-09-23T05:25:54.752Z] >>> [apiv2][body] POST https://www.googleapis.com/oauth2/v3/token [omitted]
[debug] [2026-09-23T05:25:54.785Z] [Firebase Plugin] VSCode notification server listening on port 40001
[info] [Firebase Plugin] Starting SQL Connect toolkit (version 3.4.16) on port 50001
[debug] [2026-09-23T05:25:59.005Z] I0923 11:55:58.974261   18488 control.go:100] [projects/emulator/locations/emulator/services/jlpt 924f] UpdateResources(): done
Main schema: sources: schema\schema.gql [698B] 
Connector "example": sources: example\queries.gql [3300B] 
 {"metadata":{"emulator":{"name":"dataconnect"},"message":"I0923 11:55:58.974261   18488 control.go:100] [projects/emulator/locations/emulator/services/jlpt 924f] UpdateResources(): done\nMain schema: sources: schema\\schema.gql [698B] \nConnector \"example\": sources: example\\queries.gql [3300B] \n"}}
[debug] [2026-09-23T05:25:59.006Z] Ignoring unsupported arg: auto_download {"metadata":{"emulator":{"name":"dataconnect"},"message":"Ignoring unsupported arg: auto_download"}}
[debug] [2026-09-23T05:25:59.007Z] Ignoring unsupported arg: port {"metadata":{"emulator":{"name":"dataconnect"},"message":"Ignoring unsupported arg: port"}}
[debug] [2026-09-23T05:25:59.007Z] Starting SQL Connect Emulator with command {"binary":"C:\\Users\\EMP_26018\\.cache\\firebase\\emulators\\dataconnect-emulator-3.4.16.exe","args":["--logtostderr","-v=2","dev","--listen=localhost:50001","--config_dir=c:\\Users\\EMP_26018\\Desktop\\Pj-files\\aungkokohein\\JLPT\\dataconnect","--enable_output_schema_extensions=true","--enable_output_generated_sdk=true"],"optionalArgs":["listen","config_dir","enable_output_schema_extensions","enable_output_generated_sdk"],"joinArgs":true,"shell":false,"port":9399} {"metadata":{"emulator":{"name":"dataconnect"},"message":"Starting SQL Connect Emulator with command {\"binary\":\"C:\\\\Users\\\\EMP_26018\\\\.cache\\\\firebase\\\\emulators\\\\dataconnect-emulator-3.4.16.exe\",\"args\":[\"--logtostderr\",\"-v=2\",\"dev\",\"--listen=localhost:50001\",\"--config_dir=c:\\\\Users\\\\EMP_26018\\\\Desktop\\\\Pj-files\\\\aungkokohein\\\\JLPT\\\\dataconnect\",\"--enable_output_schema_extensions=true\",\"--enable_output_generated_sdk=true\"],\"optionalArgs\":[\"listen\",\"config_dir\",\"enable_output_schema_extensions\",\"enable_output_generated_sdk\"],\"joinArgs\":true,\"shell\":false,\"port\":9399}"}}
[info] i  dataconnect: SQL Connect Emulator logging to dataconnect-debug.log {"metadata":{"emulator":{"name":"dataconnect"},"message":"SQL Connect Emulator logging to \u001b[1mdataconnect-debug.log\u001b[22m"}}
[debug] [2026-09-23T05:25:59.230Z] I0923 11:55:59.138498   17204 load.go:31] Reloading schema and connectors...
 {"metadata":{"emulator":{"name":"dataconnect"},"message":"I0923 11:55:59.138498   17204 load.go:31] Reloading schema and connectors...\n"}}
[debug] [2026-09-23T05:25:59.265Z] I0923 11:55:59.234425   17204 control.go:100] [projects/emulator/locations/emulator/services/jlpt 0117] UpdateResources(): done
Main schema: sources: schema\schema.gql [698B] 
Connector "example": sources: example\queries.gql [3300B] 
 {"metadata":{"emulator":{"name":"dataconnect"},"message":"I0923 11:55:59.234425   17204 control.go:100] [projects/emulator/locations/emulator/services/jlpt 0117] UpdateResources(): done\nMain schema: sources: schema\\schema.gql [698B] \nConnector \"example\": sources: example\\queries.gql [3300B] \n"}}
[debug] [2026-09-23T05:25:59.344Z] I0923 11:55:59.299674   17204 codegen.go:101] [connector "example" javascriptSdk] Generating sources into "c:\\Users\\EMP_26018\\Desktop\\Pj-files\\aungkokohein\\JLPT\\src\\dataconnect-generated"
 {"metadata":{"emulator":{"name":"dataconnect"},"message":"I0923 11:55:59.299674   17204 codegen.go:101] [connector \"example\" javascriptSdk] Generating sources into \"c:\\\\Users\\\\EMP_26018\\\\Desktop\\\\Pj-files\\\\aungkokohein\\\\JLPT\\\\src\\\\dataconnect-generated\"\n"}}
[debug] [2026-09-23T05:25:59.545Z] I0923 11:55:59.399980   17204 collector.go:107] schema extensions wrote into "c:\\Users\\EMP_26018\\Desktop\\Pj-files\\aungkokohein\\JLPT\\dataconnect\\.dataconnect\\schema"
Generated sources: prelude.gql [84995B] main\mutation.gql [23864B] main\implicit.gql [3820B] main\input.gql [48329B] main\relation.gql [24155B] main\query.gql [8822B] 
I0923 11:55:59.483210   17204 collector.go:107] connector "example" javascriptSdk wrote into "c:\\Users\\EMP_26018\\Desktop\\Pj-files\\aungkokohein\\JLPT\\src\\dataconnect-generated"
Generated sources: react\README.md [108461B] .guides/usage.md [4133B] .guides/setup.md [1682B] .guides/config.json [236B] react\esm\index.esm.js [8145B] index.d.ts [19849B] react\index.d.ts [10353B] react\package.json [460B] react\index.cjs.js [8606B] index.cjs.js [14412B] package.json [853B] esm\index.esm.js [13037B] esm\package.json [17B] README.md [99747B] react\esm\package.json [17B] 
 {"metadata":{"emulator":{"name":"dataconnect"},"message":"I0923 11:55:59.399980   17204 collector.go:107] schema extensions wrote into \"c:\\\\Users\\\\EMP_26018\\\\Desktop\\\\Pj-files\\\\aungkokohein\\\\JLPT\\\\dataconnect\\\\.dataconnect\\\\schema\"\nGenerated sources: prelude.gql [84995B] main\\mutation.gql [23864B] main\\implicit.gql [3820B] main\\input.gql [48329B] main\\relation.gql [24155B] main\\query.gql [8822B] \nI0923 11:55:59.483210   17204 collector.go:107] connector \"example\" javascriptSdk wrote into \"c:\\\\Users\\\\EMP_26018\\\\Desktop\\\\Pj-files\\\\aungkokohein\\\\JLPT\\\\src\\\\dataconnect-generated\"\nGenerated sources: react\\README.md [108461B] .guides/usage.md [4133B] .guides/setup.md [1682B] .guides/config.json [236B] react\\esm\\index.esm.js [8145B] index.d.ts [19849B] react\\index.d.ts [10353B] react\\package.json [460B] react\\index.cjs.js [8606B] index.cjs.js [14412B] package.json [853B] esm\\index.esm.js [13037B] esm\\package.json [17B] README.md [99747B] react\\esm\\package.json [17B] \n"}}
[debug] [2026-09-23T05:25:59.608Z] <<< [apiv2][status] POST https://www.googleapis.com/oauth2/v3/token 200
[debug] [2026-09-23T05:25:59.615Z] <<< [apiv2][body] POST https://www.googleapis.com/oauth2/v3/token [omitted]
[debug] [2026-09-23T05:25:59.666Z] [Firebase Plugin] User found:  austin.akkh.ag@gmail.com
[info] [Firebase Plugin] (Core:Project) New user detected, fetching projects
[debug] [2026-09-23T05:25:59.675Z] Checked if tokens are valid: true, expires at: 1790144758617
[debug] [2026-09-23T05:25:59.677Z] >>> [apiv2][query] GET https://firebase.googleapis.com/v1beta1/projects pageSize=1000
[debug] [2026-09-23T05:25:59.705Z] I0923 11:55:59.550732   17204 installsdk.go:55] Package @dataconnect/generated is already installed. Skipping installation
I0923 11:55:59.550732   17204 load.go:109] Finished reloading
I0923 11:55:59.672821   17204 dev.go:101] Listening on address (HTTP + gRPC): 127.0.0.1:50001
 {"metadata":{"emulator":{"name":"dataconnect"},"message":"I0923 11:55:59.550732   17204 installsdk.go:55] Package @dataconnect/generated is already installed. Skipping installation\nI0923 11:55:59.550732   17204 load.go:109] Finished reloading\nI0923 11:55:59.672821   17204 dev.go:101] Listening on address (HTTP + gRPC): 127.0.0.1:50001\n"}}
[debug] [2026-09-23T05:26:00.048Z] I0923 11:55:59.993063   17204 engine.go:209] [projects/emulator/locations/emulator/services/jlpt 0117] ExecuteGraphqlRead query IntrospectionQuery: succeeded. 
 {"metadata":{"emulator":{"name":"dataconnect"},"message":"I0923 11:55:59.993063   17204 engine.go:209] [projects/emulator/locations/emulator/services/jlpt 0117] ExecuteGraphqlRead query IntrospectionQuery: succeeded. \n"}}
[debug] [2026-09-23T05:26:00.781Z] <<< [apiv2][status] GET https://firebase.googleapis.com/v1beta1/projects 200
[debug] [2026-09-23T05:26:00.782Z] <<< [apiv2][body] GET https://firebase.googleapis.com/v1beta1/projects [omitted]
[info] [Firebase Plugin] Stopping SQL Connect toolkit
[warn] !  SQL Connect Emulator has exited upon receiving signal: SIGINT 
[debug] [2026-09-23T06:25:57.879Z] [Firebase Plugin] Activating Firebase extension.
[debug] [2026-09-23T06:26:01.224Z] [Firebase Plugin] requireAuthWrapper
[debug] [2026-09-23T06:26:01.236Z] > command requires scopes: ["email","openid","https://www.googleapis.com/auth/cloudplatformprojects.readonly","https://www.googleapis.com/auth/firebase","https://www.googleapis.com/auth/cloud-platform"]
[debug] [2026-09-23T06:26:01.237Z] > authorizing via signed-in user (austin.akkh.ag@gmail.com)
[debug] [2026-09-23T06:26:01.242Z] Checked if tokens are valid: false, expires at: 1790144758617
[debug] [2026-09-23T06:26:01.242Z] Checked if tokens are valid: false, expires at: 1790144758617
[debug] [2026-09-23T06:26:01.243Z] > refreshing access token with scopes: []
[debug] [2026-09-23T06:26:01.247Z] >>> [apiv2][query] POST https://www.googleapis.com/oauth2/v3/token [none]
[debug] [2026-09-23T06:26:01.248Z] >>> [apiv2][body] POST https://www.googleapis.com/oauth2/v3/token [omitted]
[debug] [2026-09-23T06:26:01.281Z] [Firebase Plugin] VSCode notification server listening on port 40001
[info] [Firebase Plugin] Starting SQL Connect toolkit (version 3.4.16) on port 50001
[debug] [2026-09-23T06:26:03.417Z] I0923 12:56:03.396543    4656 control.go:100] [projects/emulator/locations/emulator/services/jlpt 17db] UpdateResources(): done
Main schema: sources: schema\schema.gql [698B] 
Connector "example": sources: example\queries.gql [3300B] 
 {"metadata":{"emulator":{"name":"dataconnect"},"message":"I0923 12:56:03.396543    4656 control.go:100] [projects/emulator/locations/emulator/services/jlpt 17db] UpdateResources(): done\nMain schema: sources: schema\\schema.gql [698B] \nConnector \"example\": sources: example\\queries.gql [3300B] \n"}}
[debug] [2026-09-23T06:26:03.418Z] Ignoring unsupported arg: auto_download {"metadata":{"emulator":{"name":"dataconnect"},"message":"Ignoring unsupported arg: auto_download"}}
[debug] [2026-09-23T06:26:03.419Z] Ignoring unsupported arg: port {"metadata":{"emulator":{"name":"dataconnect"},"message":"Ignoring unsupported arg: port"}}
[debug] [2026-09-23T06:26:03.420Z] Starting SQL Connect Emulator with command {"binary":"C:\\Users\\EMP_26018\\.cache\\firebase\\emulators\\dataconnect-emulator-3.4.16.exe","args":["--logtostderr","-v=2","dev","--listen=localhost:50001","--config_dir=c:\\Users\\EMP_26018\\Desktop\\Pj-files\\aungkokohein\\JLPT\\dataconnect","--enable_output_schema_extensions=true","--enable_output_generated_sdk=true"],"optionalArgs":["listen","config_dir","enable_output_schema_extensions","enable_output_generated_sdk"],"joinArgs":true,"shell":false,"port":9399} {"metadata":{"emulator":{"name":"dataconnect"},"message":"Starting SQL Connect Emulator with command {\"binary\":\"C:\\\\Users\\\\EMP_26018\\\\.cache\\\\firebase\\\\emulators\\\\dataconnect-emulator-3.4.16.exe\",\"args\":[\"--logtostderr\",\"-v=2\",\"dev\",\"--listen=localhost:50001\",\"--config_dir=c:\\\\Users\\\\EMP_26018\\\\Desktop\\\\Pj-files\\\\aungkokohein\\\\JLPT\\\\dataconnect\",\"--enable_output_schema_extensions=true\",\"--enable_output_generated_sdk=true\"],\"optionalArgs\":[\"listen\",\"config_dir\",\"enable_output_schema_extensions\",\"enable_output_generated_sdk\"],\"joinArgs\":true,\"shell\":false,\"port\":9399}"}}
[info] i  dataconnect: SQL Connect Emulator logging to dataconnect-debug.log {"metadata":{"emulator":{"name":"dataconnect"},"message":"SQL Connect Emulator logging to \u001b[1mdataconnect-debug.log\u001b[22m"}}
[debug] [2026-09-23T06:26:04.295Z] I0923 12:56:03.510725   14464 load.go:31] Reloading schema and connectors...
I0923 12:56:03.546629   14464 control.go:100] [projects/emulator/locations/emulator/services/jlpt 1d9e] UpdateResources(): done
Main schema: sources: schema\schema.gql [698B] 
Connector "example": sources: example\queries.gql [3300B] 
I0923 12:56:03.586324   14464 codegen.go:101] [connector "example" javascriptSdk] Generating sources into "c:\\Users\\EMP_26018\\Desktop\\Pj-files\\aungkokohein\\JLPT\\src\\dataconnect-generated"
I0923 12:56:03.624775   14464 collector.go:107] schema extensions wrote into "c:\\Users\\EMP_26018\\Desktop\\Pj-files\\aungkokohein\\JLPT\\dataconnect\\.dataconnect\\schema"
Generated sources: main\query.gql [8822B] main\mutation.gql [23864B] prelude.gql [84995B] main\implicit.gql [3820B] main\input.gql [48329B] main\relation.gql [24155B] 
I0923 12:56:03.639660   14464 collector.go:107] connector "example" javascriptSdk wrote into "c:\\Users\\EMP_26018\\Desktop\\Pj-files\\aungkokohein\\JLPT\\src\\dataconnect-generated"
Generated sources: esm\package.json [17B] react\index.cjs.js [8606B] react\README.md [108461B] .guides/setup.md [1682B] index.d.ts [19849B] README.md [99747B] react\index.d.ts [10353B] react\esm\package.json [17B] esm\index.esm.js [13037B] index.cjs.js [14412B] .guides/config.json [236B] package.json [853B] react\package.json [460B] react\esm\index.esm.js [8145B] .guides/usage.md [4133B] 
I0923 12:56:03.641675   14464 installsdk.go:55] Package @dataconnect/generated is already installed. Skipping installation
I0923 12:56:03.641675   14464 load.go:109] Finished reloading
I0923 12:56:03.709824   14464 dev.go:101] Listening on address (HTTP + gRPC): 127.0.0.1:50001
 {"metadata":{"emulator":{"name":"dataconnect"},"message":"I0923 12:56:03.510725   14464 load.go:31] Reloading schema and connectors...\nI0923 12:56:03.546629   14464 control.go:100] [projects/emulator/locations/emulator/services/jlpt 1d9e] UpdateResources(): done\nMain schema: sources: schema\\schema.gql [698B] \nConnector \"example\": sources: example\\queries.gql [3300B] \nI0923 12:56:03.586324   14464 codegen.go:101] [connector \"example\" javascriptSdk] Generating sources into \"c:\\\\Users\\\\EMP_26018\\\\Desktop\\\\Pj-files\\\\aungkokohein\\\\JLPT\\\\src\\\\dataconnect-generated\"\nI0923 12:56:03.624775   14464 collector.go:107] schema extensions wrote into \"c:\\\\Users\\\\EMP_26018\\\\Desktop\\\\Pj-files\\\\aungkokohein\\\\JLPT\\\\dataconnect\\\\.dataconnect\\\\schema\"\nGenerated sources: main\\query.gql [8822B] main\\mutation.gql [23864B] prelude.gql [84995B] main\\implicit.gql [3820B] main\\input.gql [48329B] main\\relation.gql [24155B] \nI0923 12:56:03.639660   14464 collector.go:107] connector \"example\" javascriptSdk wrote into \"c:\\\\Users\\\\EMP_26018\\\\Desktop\\\\Pj-files\\\\aungkokohein\\\\JLPT\\\\src\\\\dataconnect-generated\"\nGenerated sources: esm\\package.json [17B] react\\index.cjs.js [8606B] react\\README.md [108461B] .guides/setup.md [1682B] index.d.ts [19849B] README.md [99747B] react\\index.d.ts [10353B] react\\esm\\package.json [17B] esm\\index.esm.js [13037B] index.cjs.js [14412B] .guides/config.json [236B] package.json [853B] react\\package.json [460B] react\\esm\\index.esm.js [8145B] .guides/usage.md [4133B] \nI0923 12:56:03.641675   14464 installsdk.go:55] Package @dataconnect/generated is already installed. Skipping installation\nI0923 12:56:03.641675   14464 load.go:109] Finished reloading\nI0923 12:56:03.709824   14464 dev.go:101] Listening on address (HTTP + gRPC): 127.0.0.1:50001\n"}}
[debug] [2026-09-23T06:26:05.737Z] I0923 12:56:05.692741   14464 engine.go:209] [projects/emulator/locations/emulator/services/jlpt 1d9e] ExecuteGraphqlRead query IntrospectionQuery: succeeded. 
 {"metadata":{"emulator":{"name":"dataconnect"},"message":"I0923 12:56:05.692741   14464 engine.go:209] [projects/emulator/locations/emulator/services/jlpt 1d9e] ExecuteGraphqlRead query IntrospectionQuery: succeeded. \n"}}
[debug] [2026-09-23T06:26:05.766Z] <<< [apiv2][status] POST https://www.googleapis.com/oauth2/v3/token 200
[debug] [2026-09-23T06:26:05.767Z] <<< [apiv2][body] POST https://www.googleapis.com/oauth2/v3/token [omitted]
[debug] [2026-09-23T06:26:05.798Z] [Firebase Plugin] User found:  austin.akkh.ag@gmail.com
[info] [Firebase Plugin] (Core:Project) New user detected, fetching projects
[debug] [2026-09-23T06:26:05.800Z] Checked if tokens are valid: true, expires at: 1790148364768
[debug] [2026-09-23T06:26:05.801Z] >>> [apiv2][query] GET https://firebase.googleapis.com/v1beta1/projects pageSize=1000
[debug] [2026-09-23T06:26:07.010Z] <<< [apiv2][status] GET https://firebase.googleapis.com/v1beta1/projects 200
[debug] [2026-09-23T06:26:07.011Z] <<< [apiv2][body] GET https://firebase.googleapis.com/v1beta1/projects [omitted]
